Chr	Start	End	Len_Ref	Len_Alt	NodePath	NodePath_Trimmed	Start_Node	End_Node	BubbleNum	BubbleID	NumSVNodes	Overlap_Genes	Overlap_Gene_RvIDs
NC_000962.3	1533	1533	0	0	s1,s2	[]	s1	s2	1	BubbleRegion_1	0		
NC_000962.3	1591	1652	61	1480	s2,s2034,s2959,s2035,s3,s2036,s2036,s3,s2035,s2959,s2034,s4,s5	['s2034', 's2959', 's2035', 's3', 's2036', 's2036', 's3', 's2035', 's2959', 's2034', 's4']	s2	s5	2	BubbleRegion_2	11		
NC_000962.3	13622	13622	0	1358	s5,s2744,s6	['s2744']	s5	s6	3	BubbleRegion_3	1		
NC_000962.3	26469	28345	42	1876	s6,s2247,s7,s8	['s2247', 's7']	s6	s8	4	BubbleRegion_4	2	Rv0021c,whiB5,Rv0023	Rv0021c,Rv0022c,Rv0023
NC_000962.3	28887	28887	0	87	s8,s2823,s9	['s2823']	s8	s9	5	BubbleRegion_5	1	Rv0024	Rv0024
NC_000962.3	34866	34866	0	1357	s9,s2349,s10	['s2349']	s9	s10	6	BubbleRegion_6	1	bioF2	Rv0032
NC_000962.3	38999	38999	0	56	s10,s2662,s11	['s2662']	s10	s11	7	BubbleRegion_7	1		
NC_000962.3	39022	39029	7	287	s11,s12,s2037,s2038,s2133,s2928,s2134,s2135,s2039,s13	['s12', 's2037', 's2038', 's2133', 's2928', 's2134', 's2135', 's2039']	s11	s13	8	BubbleRegion_8	8		
NC_000962.3	63092	63092	0	1358	s13,s2824,s14	['s2824']	s13	s14	9	BubbleRegion_9	1		
NC_000962.3	68269	68269	0	1358	s14,s3018,s15	['s3018']	s14	s15	10	BubbleRegion_10	1	Rv0063	Rv0063
NC_000962.3	69749	70653	0	904	s15,s16,s17	['s16']	s15	s17	11	BubbleRegion_11	1	Rv0064	Rv0064
NC_000962.3	78825	87628	0	10162	s17,s18,s2040,s19,s2224,s2378,s20,s21,s22,s23,s24,s25	['s18', 's2040', 's19', 's2224', 's2378', 's20', 's21', 's22', 's23', 's24']	s17	s25	12	BubbleRegion_12	10	glyA2,Rv0071,Rv0072,Rv0073,Rv0074,Rv0075,Rv0076c,Rv0077c,Rv0078,Rv0078A	Rv0070c,Rv0071,Rv0072,Rv0073,Rv0074,Rv0075,Rv0076c,Rv0077c,Rv0078,Rv0078A
NC_000962.3	93036	93156	0	120	s25,s26,s27	['s26']	s25	s27	13	BubbleRegion_13	1	hycD	Rv0084
NC_000962.3	103789	103789	0	9248	s27,s2603,s28	['s2603']	s27	s28	14	BubbleRegion_14	1	Rv0094c	Rv0094c
NC_000962.3	131951	132032	0	81	s28,s29,s30	['s29']	s28	s30	15	BubbleRegion_15	1	PE_PGRS1	Rv0109
NC_000962.3	137515	138447	0	932	s30,s31,s32	['s31']	s30	s32	16	BubbleRegion_16	1	gmhA,gmhB	Rv0113,Rv0114
NC_000962.3	149238	150979	0	1921	s32,s33,s34,s35,s36,s37,s2880,s38,s39,s1746,s40,s41	['s33', 's34', 's35', 's36', 's37', 's2880', 's38', 's39', 's1746', 's40']	s32	s41	17	BubbleRegion_17	10	PE_PGRS2	Rv0124
NC_000962.3	154179	154232	0	106	s41,s42,s1960,s43	['s42', 's1960']	s41	s43	18	BubbleRegion_18	2	mak	Rv0127
NC_000962.3	171456	180519	6417	9151	s43,s44,s2811,s2248,s45,s46,s47,s2477,s48,s2960,s49,s50,s51	['s44', 's2811', 's2248', 's45', 's46', 's47', 's2477', 's48', 's2960', 's49', 's50']	s43	s51	19	BubbleRegion_19	11	Rv0145,Rv0146,Rv0147,Rv0148,Rv0149,Rv0150c,PE1,PE2	Rv0145,Rv0146,Rv0147,Rv0148,Rv0149,Rv0150c,Rv0151c,Rv0152c
NC_000962.3	189429	189429	0	186	s51,s2793,s52	['s2793']	s51	s52	20	BubbleRegion_20	1	PE4	Rv0160c
NC_000962.3	206846	206903	0	57	s52,s53,s54	['s53']	s52	s54	21	BubbleRegion_21	1	Rv0175	Rv0175
NC_000962.3	216795	218515	351	1720	s54,s2663,s55,s56	['s2663', 's55']	s54	s56	22	BubbleRegion_22	2	bglS,mymT	Rv0186,Rv0186A
NC_000962.3	226388	226388	0	317	s56,s2825,s57	['s2825']	s56	s57	23	BubbleRegion_23	1	Rv0193c	Rv0193c
NC_000962.3	264754	266656	0	2497	s57,s58,s2162,s59,s60	['s58', 's2162', 's59']	s57	s60	24	BubbleRegion_24	3	Rv0221,echA1,Rv0223c	Rv0221,Rv0222,Rv0223c
NC_000962.3	279515	279590	0	75	s60,s61,s62	['s61']	s60	s62	25	BubbleRegion_25	1	nrdB	Rv0233
NC_000962.3	321664	322040	0	376	s62,s63,s64	['s63']	s62	s64	26	BubbleRegion_26	1	narU	Rv0267
NC_000962.3	327319	327657	0	338	s64,s65,s66	['s65']	s64	s66	27	BubbleRegion_27	1	fadE6	Rv0271c
NC_000962.3	330361	330361	0	1358	s66,s2337,s67	['s2337']	s66	s67	28	BubbleRegion_28	1		
NC_000962.3	333598	333683	0	85	s67,s68,s69	['s68']	s67	s69	29	BubbleRegion_29	1	PE_PGRS3	Rv0278c
NC_000962.3	333873	334059	0	186	s69,s70,s71	['s70']	s69	s71	30	BubbleRegion_30	1	PE_PGRS3	Rv0278c
NC_000962.3	334243	338669	1270	11072	s71,s2664,s72,s2682,s73,s74,s1747,s1748,s1749,s1750,s1751,s2249,s1752,s1753,s1754,s1755,s3085,s1756,s1757,s75,s76,s2864,s77,s78,s79,s2846,s80,s81,s3072,s2898,s82,s83,s84,s85,s86,s87,s88,s2521,s2522,s2523,s2541,s2524,s2525,s2526,s2527,s2528,s2529,s2530,s89,s90,s91,s92,s93,s94,s95,s96,s97,s98,s1758,s99,s100,s101,s2994,s102,s103,s2225,s104,s2350,s105,s106,s107,s108	['s2664', 's72', 's2682', 's73', 's74', 's1747', 's1748', 's1749', 's1750', 's1751', 's2249', 's1752', 's1753', 's1754', 's1755', 's3085', 's1756', 's1757', 's75', 's76', 's2864', 's77', 's78', 's79', 's2846', 's80', 's81', 's3072', 's2898', 's82', 's83', 's84', 's85', 's86', 's87', 's88', 's2521', 's2522', 's2523', 's2541', 's2524', 's2525', 's2526', 's2527', 's2528', 's2529', 's2530', 's89', 's90', 's91', 's92', 's93', 's94', 's95', 's96', 's97', 's98', 's1758', 's99', 's100', 's101', 's2994', 's102', 's103', 's2225', 's104', 's2350', 's105', 's106', 's107']	s71	s108	31	BubbleRegion_31	70	PE_PGRS3,PE_PGRS4	Rv0278c,Rv0279c
NC_000962.3	357310	358266	0	956	s108,s109,s110	['s109']	s108	s110	32	BubbleRegion_32	1	Rv0293c,tam	Rv0293c,Rv0294
NC_000962.3	361758	362004	0	246	s110,s111,s112	['s111']	s110	s112	33	BubbleRegion_33	1	PE_PGRS5	Rv0297
NC_000962.3	362010	362254	187	244	s112,s2548,s113,s114	['s2548', 's113']	s112	s114	34	BubbleRegion_34	2	PE_PGRS5	Rv0297
NC_000962.3	362302	362506	0	204	s114,s115,s116	['s115']	s114	s116	35	BubbleRegion_35	1	PE_PGRS5	Rv0297
NC_000962.3	366914	366974	0	60	s116,s117,s118	['s117']	s116	s118	36	BubbleRegion_36	1	PPE5	Rv0304c
NC_000962.3	370901	370961	0	60	s118,s119,s120	['s119']	s118	s120	37	BubbleRegion_37	1	PPE5	Rv0304c
NC_000962.3	373362	377787	0	4425	s120,s121,s122	['s121']	s120	s122	38	BubbleRegion_38	1	PPE6,Rv0306,Rv0307c,Rv0308	Rv0305c,Rv0306,Rv0307c,Rv0308
NC_000962.3	394820	396102	0	1282	s122,s123,s124	['s123']	s122	s124	39	BubbleRegion_39	1	Rv0329c,Rv0330c	Rv0329c,Rv0330c
NC_000962.3	403400	403493	0	93	s124,s125,s126	['s125']	s124	s126	40	BubbleRegion_40	1	Rv0338c	Rv0338c
NC_000962.3	424029	424080	0	102	s126,s2989,s127,s128	['s2989', 's127']	s126	s128	41	BubbleRegion_41	2		
NC_000962.3	424139	424139	0	102	s128,s2041,s129	['s2041']	s128	s129	42	BubbleRegion_42	1		
NC_000962.3	424961	425111	0	150	s129,s130,s131	['s130']	s129	s131	43	BubbleRegion_43	1	PPE8	Rv0355c
NC_000962.3	425188	425314	0	126	s131,s132,s2404,s133,s134,s135	['s132', 's2404', 's133', 's134']	s131	s135	44	BubbleRegion_44	4	PPE8	Rv0355c
NC_000962.3	425339	425399	0	60	s135,s136,s137	['s136']	s135	s137	45	BubbleRegion_45	1	PPE8	Rv0355c
NC_000962.3	426394	426454	0	60	s137,s138,s139	['s138']	s137	s139	46	BubbleRegion_46	1	PPE8	Rv0355c
NC_000962.3	426679	426775	0	96	s139,s140,s141	['s140']	s139	s141	47	BubbleRegion_47	1	PPE8	Rv0355c
NC_000962.3	426967	427123	0	156	s141,s142,s143	['s142']	s141	s143	48	BubbleRegion_48	1	PPE8	Rv0355c
NC_000962.3	428203	428263	0	60	s143,s144,s145	['s144']	s143	s145	49	BubbleRegion_49	1	PPE8	Rv0355c
NC_000962.3	429710	429770	0	60	s145,s146,s147	['s146']	s145	s147	50	BubbleRegion_50	1	PPE8	Rv0355c
NC_000962.3	434250	434627	0	377	s147,s148,s149	['s148']	s147	s149	51	BubbleRegion_51	1	PPE8	Rv0355c
NC_000962.3	445647	447304	6	1657	s149,s2998,s150,s151	['s2998', 's150']	s149	s151	52	BubbleRegion_52	2	Rv0368c,Rv0369c,Rv0370c	Rv0368c,Rv0369c,Rv0370c
NC_000962.3	453366	455972	0	2606	s151,s152,s153	['s152']	s151	s153	53	BubbleRegion_53	1	Rv0376c,Rv0377,Rv0378	Rv0376c,Rv0377,Rv0378
NC_000962.3	466045	468294	0	2249	s153,s154,s155	['s154']	s153	s155	54	BubbleRegion_54	1	Rv0386,Rv0387c,PPE9	Rv0386,Rv0387c,Rv0388c
NC_000962.3	473432	473516	0	84	s155,s156,s157	['s156']	s155	s157	55	BubbleRegion_55	1	Rv0393	Rv0393
NC_000962.3	475210	475210	0	1358	s157,s2163,s158	['s2163']	s157	s158	56	BubbleRegion_56	1	Rv0395	Rv0395
NC_000962.3	483292	483534	242	1600	s158,s3073,s2293,s159,s160	['s3073', 's2293', 's159']	s158	s160	57	BubbleRegion_57	3	mmpS1	Rv0403c
NC_000962.3	484423	485171	748	821	s160,s2160,s161,s162	['s2160', 's161']	s160	s162	58	BubbleRegion_58	2	fadD30	Rv0404
NC_000962.3	486853	486853	0	1358	s162,s2405,s163	['s2405']	s162	s163	59	BubbleRegion_59	1	pks6	Rv0405
NC_000962.3	560425	561498	1001	1073	s163,s2804,s164,s165	['s2804', 's164']	s163	s165	60	BubbleRegion_60	2	umaA,pcaA	Rv0469,Rv0470c
NC_000962.3	569828	569940	0	280	s165,s2834,s2835,s166,s167,s168,s169,s170	['s2834', 's2835', 's166', 's167', 's168', 's169']	s165	s170	61	BubbleRegion_61	6		
NC_000962.3	569952	569952	0	112	s170,s1759,s1760,s171	['s1759', 's1760']	s170	s171	62	BubbleRegion_62	2		
NC_000962.3	573261	573661	7	400	s171,s2699,s172,s173	['s2699', 's172']	s171	s173	63	BubbleRegion_63	2	Rv0484c	Rv0484c
NC_000962.3	577000	578009	485	2251	s173,s174,s175,s176,s2164,s177,s178,s2492,s2700,s2493,s179,s180,s181,s182	['s174', 's175', 's176', 's2164', 's177', 's178', 's2492', 's2700', 's2493', 's179', 's180', 's181']	s173	s182	64	BubbleRegion_64	12	Rv0487,Rv0488	Rv0487,Rv0488
NC_000962.3	580594	580594	0	77	s182,s1961,s183	['s1961']	s182	s183	65	BubbleRegion_65	1		
NC_000962.3	580617	580797	2	233	s183,s2922,s184,s2847,s185	['s2922', 's184', 's2847']	s183	s185	66	BubbleRegion_66	3		
NC_000962.3	580814	580814	0	207	s185,s1761,s186	['s1761']	s185	s186	67	BubbleRegion_67	1	regX3	Rv0491
NC_000962.3	595340	595340	0	58	s186,s2615,s187	['s2615']	s186	s187	68	BubbleRegion_68	1		
NC_000962.3	595348	595428	80	951	s187,s188,s2692,s189,s1762,s1763,s2881,s1764,s1765,s1766,s2853,s2860,s2854,s1767,s190	['s188', 's2692', 's189', 's1762', 's1763', 's2881', 's1764', 's1765', 's1766', 's2853', 's2860', 's2854', 's1767']	s187	s190	69	BubbleRegion_69	13		
NC_000962.3	623250	623292	42	126	s190,s191,s1768,s1769,s192	['s191', 's1768', 's1769']	s190	s192	70	BubbleRegion_70	3	PE_PGRS6	Rv0532
NC_000962.3	623466	623521	55	166	s192,s3050,s193,s194	['s3050', 's193']	s192	s194	71	BubbleRegion_71	2	PE_PGRS6	Rv0532
NC_000962.3	623532	624171	0	639	s194,s195,s196,s197,s198	['s195', 's196', 's197']	s194	s198	72	BubbleRegion_72	3	PE_PGRS6	Rv0532
NC_000962.3	659193	661598	2405	2405	s198,s199,s199,s200	['s199', 's199']	s198	s200	73	BubbleRegion_73	2	Rv0567,cyp135B1,Rv0569,nrdZ	Rv0567,Rv0568,Rv0569,Rv0570
NC_000962.3	663340	671545	9	8205	s200,s2848,s201,s202,s2421,s203,s204,s205	['s2848', 's201', 's202', 's2421', 's203', 's204']	s200	s205	74	BubbleRegion_74	6	nrdZ,Rv0571c,Rv0572c,pncB2,Rv0574c,Rv0575c,Rv0576,TB27.3	Rv0570,Rv0571c,Rv0572c,Rv0573c,Rv0574c,Rv0575c,Rv0576,Rv0577
NC_000962.3	673213	673324	0	111	s205,s206,s207	['s206']	s205	s207	75	BubbleRegion_75	1	PE_PGRS7	Rv0578c
NC_000962.3	673599	673677	0	78	s207,s208,s209	['s208']	s207	s209	76	BubbleRegion_76	1	PE_PGRS7	Rv0578c
NC_000962.3	675325	675391	0	66	s209,s210,s211	['s210']	s209	s211	77	BubbleRegion_77	1	PE_PGRS7	Rv0578c
NC_000962.3	679375	680249	829	874	s211,s2780,s212,s213	['s2780', 's212']	s211	s213	78	BubbleRegion_78	2	Rv0584	Rv0584
NC_000962.3	692045	693428	33	1383	s213,s214,s215,s216,s217	['s214', 's215', 's216']	s213	s217	79	BubbleRegion_79	3	lprL,mce2F	Rv0593,Rv0594
NC_000962.3	698719	698839	0	120	s217,s218,s219	['s218']	s217	s219	80	BubbleRegion_80	1	Rv0601c	Rv0601c
NC_000962.3	714134	714698	1	564	s219,s2226,s220,s221	['s2226', 's220']	s219	s221	81	BubbleRegion_81	2	Rv0621	Rv0621
NC_000962.3	742634	742634	0	533	s221,s1770,s222	['s1770']	s221	s222	82	BubbleRegion_82	1		
NC_000962.3	746518	747804	0	1286	s222,s223,s224	['s223']	s222	s224	83	BubbleRegion_83	1	fabD2,Rv0650	Rv0649,Rv0650
NC_000962.3	750560	750646	0	86	s224,s225,s226	['s225']	s224	s226	84	BubbleRegion_84	1	Rv0654	Rv0654
NC_000962.3	755272	755351	0	79	s226,s227,s228	['s227']	s226	s228	85	BubbleRegion_85	1	vapC7	Rv0661c
NC_000962.3	759408	759408	0	1358	s228,s2109,s229	['s2109']	s228	s229	86	BubbleRegion_86	1		
NC_000962.3	767589	767589	0	174	s229,s2805,s230	['s2805']	s229	s230	87	BubbleRegion_87	1		
NC_000962.3	802444	802498	0	378	s230,s2977,s2542,s231,s1771,s1772,s1773,s1774,s232,s233	['s2977', 's2542', 's231', 's1771', 's1772', 's1773', 's1774', 's232']	s230	s233	88	BubbleRegion_88	8		
NC_000962.3	812906	812960	0	54	s233,s234,s235	['s234']	s233	s235	89	BubbleRegion_89	1		
NC_000962.3	812976	812976	0	54	s235,s2549,s236	['s2549']	s235	s236	90	BubbleRegion_90	1	rpsH	Rv0718
NC_000962.3	817486	817605	0	119	s236,s237,s238	['s237']	s236	s238	91	BubbleRegion_91	1	sppA,Rv0724A,Rv0725c	Rv0724,Rv0724A,Rv0725c
NC_000962.3	830274	833473	34	3199	s238,s2124,s239,s240,s241,s242,s243,s244	['s2124', 's239', 's240', 's241', 's242', 's243']	s238	s244	92	BubbleRegion_92	6	Rv0738,Rv0739,Rv0740,Rv0741,PE_PGRS8	Rv0738,Rv0739,Rv0740,Rv0741,Rv0742
NC_000962.3	836119	839291	2140	3838	s244,s1962,s245,s2165,s246,s247,s248,s2604,s249,s2422,s250,s251,s2209,s252,s253,s254,s255,s1775,s1776,s1777,s2836,s256,s257,s258,s259,s260,s2082,s261,s2616,s262,s263,s1778,s1779,s2888,s264,s265,s266,s267,s268,s1780,s1781,s269	['s1962', 's245', 's2165', 's246', 's247', 's248', 's2604', 's249', 's2422', 's250', 's251', 's2209', 's252', 's253', 's254', 's255', 's1775', 's1776', 's1777', 's2836', 's256', 's257', 's258', 's259', 's260', 's2082', 's261', 's2616', 's262', 's263', 's1778', 's1779', 's2888', 's264', 's265', 's266', 's267', 's268', 's1780', 's1781']	s244	s269	93	BubbleRegion_93	40	PE_PGRS9,PE_PGRS10	Rv0746,Rv0747
NC_000962.3	839381	839381	0	90	s269,s2837,s2351,s270	['s2837', 's2351']	s269	s270	94	BubbleRegion_94	2	PE_PGRS10	Rv0747
NC_000962.3	839391	839481	0	90	s270,s271,s272	['s271']	s270	s272	95	BubbleRegion_95	1	PE_PGRS10	Rv0747
NC_000962.3	839795	840591	85	1192	s272,s273,s274,s275,s2605,s276,s277,s278,s279,s280,s3074,s281,s282,s2849,s283,s284	['s273', 's274', 's275', 's2605', 's276', 's277', 's278', 's279', 's280', 's3074', 's281', 's282', 's2849', 's283']	s272	s284	96	BubbleRegion_96	14	PE_PGRS10	Rv0747
NC_000962.3	850023	850529	506	2317	s284,s3010,s285,s2166,s3075,s2167,s2168,s286,s287	['s3010', 's285', 's2166', 's3075', 's2167', 's2168', 's286']	s284	s287	97	BubbleRegion_97	7	PPE12,Rv0755A	Rv0755c,Rv0755A
NC_000962.3	851475	851475	0	1358	s287,s2147,s288	['s2147']	s287	s288	98	BubbleRegion_98	1		
NC_000962.3	859242	859498	0	256	s288,s289,s290	['s289']	s288	s290	99	BubbleRegion_99	1	cyp123	Rv0766c
NC_000962.3	888789	891281	1133	3905	s290,s2701,s2406,s2407,s2408,s2409,s2407,s2406,s2701,s291,s2379,s292,s293,s2871,s294,s295,s3051,s2594,s296,s297,s2169,s298,s299,s300,s2352,s301,s302	['s2701', 's2406', 's2407', 's2408', 's2409', 's2407', 's2406', 's2701', 's291', 's2379', 's292', 's293', 's2871', 's294', 's295', 's3051', 's2594', 's296', 's297', 's2169', 's298', 's299', 's300', 's2352', 's301']	s290	s302	100	BubbleRegion_100	25	Rv0795,Rv0796,Rv0797	Rv0795,Rv0796,Rv0797
NC_000962.3	901411	901457	46	1440	s302,s2311,s2310,s303,s2951,s303,s2310,s2311,s2312,s304	['s2311', 's2310', 's303', 's2951', 's303', 's2310', 's2311', 's2312']	s302	s304	101	BubbleRegion_101	8		
NC_000962.3	917629	918744	1057	1139	s304,s305,s2745,s306,s307,s308	['s305', 's2745', 's306', 's307']	s304	s308	102	BubbleRegion_102	4	Rv0823c,desA1	Rv0823c,Rv0824c
NC_000962.3	925546	927192	992	1730	s308,s309,s310,s311,s2081,s312,s313,s3126,s314,s315,s316,s317,s1782,s318,s319,s320,s321	['s309', 's310', 's311', 's2081', 's312', 's313', 's3126', 's314', 's315', 's316', 's317', 's1782', 's318', 's319', 's320']	s308	s321	103	BubbleRegion_103	15	PE_PGRS13	Rv0833
NC_000962.3	927383	927437	0	54	s321,s322,s323	['s322']	s321	s323	104	BubbleRegion_104	1	PE_PGRS13	Rv0833
NC_000962.3	928983	929046	0	63	s323,s324,s325	['s324']	s323	s325	105	BubbleRegion_105	1	PE_PGRS14	Rv0834c
NC_000962.3	931149	934508	559	4717	s325,s2250,s2313,s2251,s326,s327,s328,s329	['s2250', 's2313', 's2251', 's326', 's327', 's328']	s325	s329	106	BubbleRegion_106	6	lpqQ,Rv0836c,Rv0837c	Rv0835,Rv0836c,Rv0837c
NC_000962.3	935866	939205	0	3394	s329,s330,s2606,s331,s332	['s330', 's2606', 's331']	s329	s332	107	BubbleRegion_107	3	Rv0839,pip,Rv0841,Rv0842	Rv0839,Rv0840c,Rv0841,Rv0842
NC_000962.3	945458	948288	0	2830	s332,s333,s334	['s333']	s332	s334	108	BubbleRegion_108	1	cysK2,Rv0849,Rv0850,Rv0851c	Rv0848,Rv0849,Rv0850,Rv0851c
NC_000962.3	960182	960288	0	318	s334,s2494,s335,s1783,s2170,s1784,s1785,s336,s337,s338,s339	['s2494', 's335', 's1783', 's2170', 's1784', 's1785', 's336', 's337', 's338']	s334	s339	109	BubbleRegion_109	9		
NC_000962.3	964593	964665	0	72	s339,s340,s341	['s340']	s339	s341	110	BubbleRegion_110	1	rpfA	Rv0867c
NC_000962.3	964673	964950	109	445	s341,s2495,s3028,s342,s343,s2651,s344,s345,s3029,s346,s347	['s2495', 's3028', 's342', 's343', 's2651', 's344', 's345', 's3029', 's346']	s341	s347	111	BubbleRegion_111	9	rpfA	Rv0867c
NC_000962.3	969035	969101	0	66	s347,s348,s349	['s348']	s347	s349	112	BubbleRegion_112	1	PE_PGRS15	Rv0872c
NC_000962.3	986511	986511	0	1359	s349,s2607,s350	['s2607']	s349	s350	113	BubbleRegion_113	1		
NC_000962.3	1026834	1026902	68	2645	s350,s2904,s2905,s3120,s2906,s351,s2906,s3120,s2905,s351,s2904,s352	['s2904', 's2905', 's3120', 's2906', 's351', 's2906', 's3120', 's2905', 's351', 's2904']	s350	s352	114	BubbleRegion_114	10		
NC_000962.3	1052434	1052434	0	1358	s352,s2080,s353	['s2080']	s352	s353	115	BubbleRegion_115	1	Rv0942	Rv0942
NC_000962.3	1053645	1053787	142	4399	s353,s2702,s354,s355	['s2702', 's354']	s353	s355	116	BubbleRegion_116	2	Rv0943c,Rv0944	Rv0943c,Rv0944
NC_000962.3	1074124	1074755	631	1989	s355,s2380,s2338,s2339,s356,s2148,s2149,s357	['s2380', 's2338', 's2339', 's356', 's2148', 's2149']	s355	s357	117	BubbleRegion_117	6	Rv0961,lprP	Rv0961,Rv0962c
NC_000962.3	1075242	1075242	0	1358	s357,s2410,s358	['s2410']	s357	s358	118	BubbleRegion_118	1		
NC_000962.3	1075949	1076075	126	1612	s358,s2353,s2759,s2354,s2355,s359,s360	['s2353', 's2759', 's2354', 's2355', 's359']	s358	s360	119	BubbleRegion_119	5	Rv0963c	Rv0963c
NC_000962.3	1078661	1079342	681	700	s360,s2751,s361,s362	['s2751', 's361']	s360	s362	120	BubbleRegion_120	2	Rv0968,ctpV	Rv0968,Rv0969
NC_000962.3	1091414	1091471	0	57	s362,s363,s364	['s363']	s362	s364	121	BubbleRegion_121	1	PE_PGRS16	Rv0977
NC_000962.3	1091619	1092238	19	943	s364,s2703,s365,s366,s367,s368,s369,s370,s371,s372	['s2703', 's365', 's366', 's367', 's368', 's369', 's370', 's371']	s364	s372	122	BubbleRegion_122	8	PE_PGRS16	Rv0977
NC_000962.3	1093906	1094062	102	168	s372,s373,s1786,s1787,s374,s375	['s373', 's1786', 's1787', 's374']	s372	s375	123	BubbleRegion_123	4	PE_PGRS17	Rv0978c
NC_000962.3	1095855	1095948	0	93	s375,s376,s377	['s376']	s375	s377	124	BubbleRegion_124	1	PE_PGRS18	Rv0980c
NC_000962.3	1096042	1096157	115	127	s377,s2826,s2294,s378,s379	['s2826', 's2294', 's378']	s377	s379	125	BubbleRegion_125	3	PE_PGRS18	Rv0980c
NC_000962.3	1096506	1096510	4	2111	s379,s3022,s2827,s380,s381	['s3022', 's2827', 's380']	s379	s381	126	BubbleRegion_126	3		
NC_000962.3	1148542	1148542	0	670	s381,s2828,s382	['s2828']	s381	s382	127	BubbleRegion_127	1	kdpE	Rv1027c
NC_000962.3	1176082	1176082	0	1358	s382,s3109,s383	['s3109']	s382	s383	128	BubbleRegion_128	1	Rv1052,Rv1053c	Rv1052,Rv1053c
NC_000962.3	1181855	1215202	26773	34780	s383,s384,s2693,s385,s386,s387,s388,s2812,s389,s390,s391,s392,s393,s394,s1788,s395,s2617,s396,s2794,s397,s2079,s398,s399,s2543,s400,s401,s402,s403,s404,s405,s2813,s406,s407,s408,s409,s410,s411,s412,s413,s414,s415,s2171,s416,s417,s418,s419,s1789,s1790,s420,s421	['s384', 's2693', 's385', 's386', 's387', 's388', 's2812', 's389', 's390', 's391', 's392', 's393', 's394', 's1788', 's395', 's2617', 's396', 's2794', 's397', 's2079', 's398', 's399', 's2543', 's400', 's401', 's402', 's403', 's404', 's405', 's2813', 's406', 's407', 's408', 's409', 's410', 's411', 's412', 's413', 's414', 's415', 's2171', 's416', 's417', 's418', 's419', 's1789', 's1790', 's420']	s383	s421	129	BubbleRegion_129	48	fadD14,Rv1059,Rv1060,Rv1061,Rv1062,Rv1063c,lpqV,Rv1065,Rv1066,PE_PGRS19,PE_PGRS20,Rv1069c,echA8,echA9,Rv1072,Rv1073,fadA3,Rv1075c,lipU,cbs,pra,metB,greA,Rv1081c,mca,Rv1083,Rv1084,Rv1085c,Rv1086,PE_PGRS21,Rv1087A,PE9,PE10	Rv1058,Rv1059,Rv1060,Rv1061,Rv1062,Rv1063c,Rv1064c,Rv1065,Rv1066,Rv1067c,Rv1068c,Rv1069c,Rv1070c,Rv1071c,Rv1072,Rv1073,Rv1074c,Rv1075c,Rv1076,Rv1077,Rv1078,Rv1079,Rv1080c,Rv1081c,Rv1082,Rv1083,Rv1084,Rv1085c,Rv1086,Rv1087,Rv1087A,Rv1088,Rv1089
NC_000962.3	1216879	1218775	0	1896	s421,s422,s1963,s423,s424,s2999,s425,s426,s427,s428,s429,s430,s431	['s422', 's1963', 's423', 's424', 's2999', 's425', 's426', 's427', 's428', 's429', 's430']	s421	s431	130	BubbleRegion_130	11	PE_PGRS22	Rv1091
NC_000962.3	1262960	1262960	0	1358	s431,s2091,s432	['s2091']	s431	s432	131	BubbleRegion_131	1	PPE16	Rv1135c
NC_000962.3	1265390	1265390	0	1359	s432,s2381,s433	['s2381']	s432	s433	132	BubbleRegion_132	1	Rv1137c	Rv1137c
NC_000962.3	1267177	1267235	0	58	s433,s434,s435	['s434']	s433	s435	133	BubbleRegion_133	1		
NC_000962.3	1283488	1283557	0	69	s435,s436,s437	['s436']	s435	s437	134	BubbleRegion_134	1	Rv1157c	Rv1157c
NC_000962.3	1284475	1284577	0	102	s437,s438,s439	['s438']	s437	s439	135	BubbleRegion_135	1	Rv1158c	Rv1158c
NC_000962.3	1300195	1300195	0	1357	s439,s2665,s440	['s2665']	s439	s440	136	BubbleRegion_136	1		
NC_000962.3	1305585	1305647	0	124	s440,s441,s2576,s442,s443	['s441', 's2576', 's442']	s440	s443	137	BubbleRegion_137	3		
NC_000962.3	1313129	1313389	0	260	s443,s444,s3103,s445,s446,s447	['s444', 's3103', 's445', 's446']	s443	s447	138	BubbleRegion_138	4	Rv1179c	Rv1179c
NC_000962.3	1331826	1332639	0	813	s447,s448,s449	['s448']	s447	s449	139	BubbleRegion_139	1	Rv1188,sigI	Rv1188,Rv1189
NC_000962.3	1341022	1341878	826	856	s449,s2865,s450,s451	['s2865', 's450']	s449	s451	140	BubbleRegion_140	2	esxL,Rv1199c	Rv1198,Rv1199c
NC_000962.3	1354977	1355883	906	2264	s451,s2618,s452,s2227,s2228,s453	['s2618', 's452', 's2227', 's2228']	s451	s453	141	BubbleRegion_141	4	glgA,glgC	Rv1212c,Rv1213
NC_000962.3	1362193	1362542	0	349	s453,s454,s455	['s454']	s453	s455	142	BubbleRegion_142	1	Rv1218c	Rv1218c
NC_000962.3	1385253	1385358	0	105	s455,s456,s457	['s456']	s455	s457	143	BubbleRegion_143	1	PE_PGRS23	Rv1243c
NC_000962.3	1389367	1389367	0	112	s457,s2652,s2850,s2653,s458	['s2652', 's2850', 's2653']	s457	s458	144	BubbleRegion_144	3	Rv1248c	Rv1248c
NC_000962.3	1396070	1398428	0	2358	s458,s459,s460	['s459']	s458	s460	145	BubbleRegion_145	1	Rv1251c	Rv1251c
NC_000962.3	1401049	1401125	0	76	s460,s461,s462	['s461']	s460	s462	146	BubbleRegion_146	1	deaD	Rv1253
NC_000962.3	1403372	1403470	0	98	s462,s463,s464	['s463']	s462	s464	147	BubbleRegion_147	1	Rv1255c,cyp130	Rv1255c,Rv1256c
NC_000962.3	1404359	1404485	0	126	s464,s465,s466	['s465']	s464	s466	148	BubbleRegion_148	1	cyp130	Rv1256c
NC_000962.3	1413438	1416182	0	7125	s466,s467,s1791,s468,s469,s470,s471	['s467', 's1791', 's468', 's469', 's470']	s466	s471	149	BubbleRegion_149	5	Rv1265,pknH,embR	Rv1265,Rv1266c,Rv1267c
NC_000962.3	1418176	1419923	0	1747	s471,s472,s473	['s472']	s471	s473	150	BubbleRegion_150	1	Rv1268c,Rv1269c,lprA	Rv1268c,Rv1269c,Rv1270c
NC_000962.3	1441538	1441691	0	153	s473,s474,s475	['s474']	s473	s475	151	BubbleRegion_151	1	Rv1288	Rv1288
NC_000962.3	1443482	1443482	0	56	s475,s1792,s476	['s1792']	s475	s476	152	BubbleRegion_152	1	Rv1290c	Rv1290c
NC_000962.3	1451790	1451986	25	253	s476,s477,s2252,s478,s479,s480,s481,s482,s483	['s477', 's2252', 's478', 's479', 's480', 's481', 's482']	s476	s483	153	BubbleRegion_153	7		
NC_000962.3	1451995	1451995	0	57	s483,s2575,s484	['s2575']	s483	s484	154	BubbleRegion_154	1		
NC_000962.3	1453545	1453680	0	135	s484,s485,s486	['s485']	s484	s486	155	BubbleRegion_155	1	rho	Rv1297
NC_000962.3	1469558	1469558	0	1358	s486,s3127,s487	['s3127']	s486	s487	156	BubbleRegion_156	1		
NC_000962.3	1481466	1481526	60	1733	s487,s488,s2314,s2315,s2356,s2357,s2814,s2358,s2359,s489	['s488', 's2314', 's2315', 's2356', 's2357', 's2814', 's2358', 's2359']	s487	s489	157	BubbleRegion_157	8	Rv1319c	Rv1319c
NC_000962.3	1481616	1481734	118	1792	s489,s2574,s2411,s490,s1990,s1991,s1992,s491,s492	['s2574', 's2411', 's490', 's1990', 's1991', 's1992', 's491']	s489	s492	158	BubbleRegion_158	7	Rv1319c	Rv1319c
NC_000962.3	1501714	1503886	231	2172	s492,s493,s494,s495,s496	['s493', 's494', 's495']	s492	s496	159	BubbleRegion_159	3	Rv1333,mec,cysO,cysM	Rv1333,Rv1334,Rv1335,Rv1336
NC_000962.3	1519819	1524571	0	6111	s496,s497,s3052,s498,s499	['s497', 's3052', 's498']	s496	s499	160	BubbleRegion_160	3	Rv1353c,Rv1354c,moeY,Rv1356c	Rv1353c,Rv1354c,Rv1355c,Rv1356c
NC_000962.3	1526657	1529819	516	4520	s499,s500,s2110,s2111,s2704,s501,s502,s503	['s500', 's2110', 's2111', 's2704', 's501', 's502']	s499	s503	161	BubbleRegion_161	6	Rv1358	Rv1358
NC_000962.3	1531006	1531039	33	1391	s503,s2125,s504,s2126,s2126,s504,s2125,s505	['s2125', 's504', 's2126', 's2126', 's504', 's2125']	s503	s505	162	BubbleRegion_162	6		
NC_000962.3	1531605	1531605	0	1358	s505,s2910,s506	['s2910']	s505	s506	163	BubbleRegion_163	1	Rv1360	Rv1360
NC_000962.3	1535439	1535439	0	1358	s506,s2585,s507	['s2585']	s506	s507	164	BubbleRegion_164	1		
NC_000962.3	1541950	1544670	1362	3024	s507,s508,s2577,s1993,s1994,s2496,s2929,s2978,s2930,s509,s510,s511,s512,s513,s514,s515,s516	['s508', 's2577', 's1993', 's1994', 's2496', 's2929', 's2978', 's2930', 's509', 's510', 's511', 's512', 's513', 's514', 's515']	s507	s516	165	BubbleRegion_165	15	Rv1369c,Rv1370c,Rv1371	Rv1369c,Rv1370c,Rv1371
NC_000962.3	1569293	1569771	478	579	s516,s2544,s517,s518	['s2544', 's517']	s516	s518	166	BubbleRegion_166	2	Rv1393c,cyp132	Rv1393c,Rv1394c
NC_000962.3	1572998	1573103	0	105	s518,s519,s520	['s519']	s518	s520	167	BubbleRegion_167	1	PE_PGRS25	Rv1396c
NC_000962.3	1609270	1610192	67	922	s520,s2923,s521,s522	['s2923', 's521']	s520	s522	168	BubbleRegion_168	2	Rv1431,Rv1432	Rv1431,Rv1432
NC_000962.3	1618350	1618766	74	491	s522,s523,s524,s525,s526,s527,s3053,s528,s529,s530,s531	['s523', 's524', 's525', 's526', 's527', 's3053', 's528', 's529', 's530']	s522	s531	169	BubbleRegion_169	9	PE_PGRS26	Rv1441c
NC_000962.3	1618784	1619057	0	273	s531,s532,s533	['s532']	s531	s533	170	BubbleRegion_170	1	PE_PGRS26	Rv1441c
NC_000962.3	1622779	1622779	0	1358	s533,s2608,s534	['s2608']	s533	s534	171	BubbleRegion_171	1		
NC_000962.3	1631392	1631392	0	423	s534,s2450,s535	['s2450']	s534	s535	172	BubbleRegion_172	1	PE_PGRS27	Rv1450c
NC_000962.3	1631540	1631660	27	120	s535,s536,s537,s538,s539	['s536', 's537', 's538']	s535	s539	173	BubbleRegion_173	3	PE_PGRS27	Rv1450c
NC_000962.3	1632327	1632801	0	474	s539,s540,s541	['s540']	s539	s541	174	BubbleRegion_174	1	PE_PGRS27	Rv1450c
NC_000962.3	1633534	1633534	0	207	s541,s1793,s542	['s1793']	s541	s542	175	BubbleRegion_175	1	PE_PGRS27	Rv1450c
NC_000962.3	1633917	1633989	0	72	s542,s543,s544	['s543']	s542	s544	176	BubbleRegion_176	1	PE_PGRS27	Rv1450c
NC_000962.3	1634028	1634144	0	116	s544,s545,s546	['s545']	s544	s546	177	BubbleRegion_177	1	PE_PGRS27	Rv1450c
NC_000962.3	1636165	1636172	7	3597	s546,s1794,s1795,s1796,s2683,s1995,s1797,s2705,s3000,s1798,s547,s548	['s1794', 's1795', 's1796', 's2683', 's1995', 's1797', 's2705', 's3000', 's1798', 's547']	s546	s548	178	BubbleRegion_178	10	PE_PGRS28	Rv1452c
NC_000962.3	1644248	1644248	0	53	s548,s1799,s549	['s1799']	s548	s549	179	BubbleRegion_179	1	Rv1458c	Rv1458c
NC_000962.3	1644267	1644267	0	53	s549,s2136,s550	['s2136']	s549	s550	180	BubbleRegion_180	1		
NC_000962.3	1644312	1644312	0	53	s550,s2210,s551	['s2210']	s550	s551	181	BubbleRegion_181	1		
NC_000962.3	1653976	1653976	0	120	s551,s2586,s552	['s2586']	s551	s552	182	BubbleRegion_182	1	fadE15	Rv1467c
NC_000962.3	1656434	1659619	0	4543	s552,s553,s1996,s554,s555	['s553', 's1996', 's554']	s552	s555	183	BubbleRegion_183	3	PE_PGRS29,ctpD,trxA,trxB1	Rv1468c,Rv1469,Rv1470,Rv1471
NC_000962.3	1694499	1694660	161	1520	s555,s3121,s556,s2172,s2173,s557	['s3121', 's556', 's2172', 's2173']	s555	s557	184	BubbleRegion_184	4	Rv1503c,Rv1504c	Rv1503c,Rv1504c
NC_000962.3	1695145	1695145	0	1358	s557,s3091,s558	['s3091']	s557	s558	185	BubbleRegion_185	1		
NC_000962.3	1695519	1696249	730	2163	s558,s2760,s2761,s2762,s3030,s2435,s2436,s559,s560,s2229,s2230,s561	['s2760', 's2761', 's2762', 's3030', 's2435', 's2436', 's559', 's560', 's2229', 's2230']	s558	s561	186	BubbleRegion_186	10	Rv1505c,Rv1506c	Rv1505c,Rv1506c
NC_000962.3	1696940	1698331	1391	1391	s561,s562,s562,s563	['s562', 's562']	s561	s563	187	BubbleRegion_187	2	Rv1507c,Rv1507A,Rv1508c	Rv1507c,Rv1507A,Rv1508c
NC_000962.3	1710766	1711556	0	790	s563,s564,s565	['s564']	s563	s565	188	BubbleRegion_188	1	Rv1519,Rv1520	Rv1519,Rv1520
NC_000962.3	1712384	1712384	0	1358	s565,s2931,s566	['s2931']	s565	s566	189	BubbleRegion_189	1	fadD25	Rv1521
NC_000962.3	1714723	1721213	2909	9207	s566,s2654,s567,s2150,s2151,s2396,s2412,s2397,s2398,s2399,s568,s569,s2619,s570,s571,s572	['s2654', 's567', 's2150', 's2151', 's2396', 's2412', 's2397', 's2398', 's2399', 's568', 's569', 's2619', 's570', 's571']	s566	s572	190	BubbleRegion_190	14	mmpL12,Rv1523,Rv1524,wbbL2,Rv1526c	Rv1522c,Rv1523,Rv1524,Rv1525,Rv1526c
NC_000962.3	1724412	1724412	0	1358	s572,s2620,s573	['s2620']	s572	s573	191	BubbleRegion_191	1	pks5	Rv1527c
NC_000962.3	1746478	1746686	0	208	s573,s574,s575	['s574']	s573	s575	192	BubbleRegion_192	1	Rv1544	Rv1544
NC_000962.3	1761789	1761789	0	3511	s575,s1800,s2706,s1801,s576	['s1800', 's2706', 's1801']	s575	s576	193	BubbleRegion_193	3	mmpL6	Rv1557
NC_000962.3	1779276	1788523	0	9247	s576,s577,s578,s579,s580	['s577', 's578', 's579']	s576	s580	194	BubbleRegion_194	3	Rv1572c,Rv1573,Rv1574,Rv1575,Rv1576c,Rv1577c,Rv1578c,Rv1579c,Rv1580c,Rv1581c,Rv1582c,Rv1583c,Rv1584c,Rv1585c,Rv1586c,Rv1587c	Rv1572c,Rv1573,Rv1574,Rv1575,Rv1576c,Rv1577c,Rv1578c,Rv1579c,Rv1580c,Rv1581c,Rv1582c,Rv1583c,Rv1584c,Rv1585c,Rv1586c,Rv1587c
NC_000962.3	1802827	1803492	665	712	s580,s2868,s581,s582	['s2868', 's581']	s580	s582	195	BubbleRegion_195	2	hisH,hisA	Rv1602,Rv1603
NC_000962.3	1808139	1808139	0	110	s582,s2806,s583	['s2806']	s582	s583	196	BubbleRegion_196	1	trpE	Rv1609
NC_000962.3	1812714	1813463	749	934	s583,s2108,s584,s585	['s2108', 's584']	s583	s585	197	BubbleRegion_197	2	trpA,lgt	Rv1613,Rv1614
NC_000962.3	1843602	1843602	0	57	s585,s2274,s586	['s2274']	s585	s586	198	BubbleRegion_198	1	Rv1637c	Rv1637c
NC_000962.3	1843639	1843639	0	171	s586,s1802,s1803,s587	['s1802', 's1803']	s586	s587	199	BubbleRegion_199	2	Rv1637c	Rv1637c
NC_000962.3	1857443	1857617	0	174	s587,s588,s589	['s588']	s587	s589	200	BubbleRegion_200	1	Rv1647	Rv1647
NC_000962.3	1864268	1864418	0	150	s589,s590,s591	['s590']	s589	s591	201	BubbleRegion_201	1	PE_PGRS30	Rv1651c
NC_000962.3	1875726	1887083	5634	12715	s591,s2694,s592,s593,s2707,s594,s595,s596,s597,s598	['s2694', 's592', 's593', 's2707', 's594', 's595', 's596', 's597']	s591	s598	202	BubbleRegion_202	8	pks7,pks8,pks17	Rv1661,Rv1662,Rv1663
NC_000962.3	1889065	1889524	459	1818	s598,s2889,s599,s2413,s2414,s600,s601	['s2889', 's599', 's2413', 's2414', 's600']	s598	s601	203	BubbleRegion_203	5	pks9	Rv1664
NC_000962.3	1889601	1895650	1354	7635	s601,s3110,s602,s2478,s2479,s2479,s2480,s603,s2684,s604,s605,s2550,s606,s607,s608,s609,s610	['s3110', 's602', 's2478', 's2479', 's2479', 's2480', 's603', 's2684', 's604', 's605', 's2550', 's606', 's607', 's608', 's609']	s601	s610	204	BubbleRegion_204	15	pks9,pks11,cyp139,Rv1667c,Rv1668c	Rv1664,Rv1665,Rv1666c,Rv1667c,Rv1668c
NC_000962.3	1895654	1896053	399	1758	s610,s2609,s611,s1997,s1998,s612	['s2609', 's611', 's1997', 's1998']	s610	s612	205	BubbleRegion_205	4	Rv1669	Rv1669
NC_000962.3	1896864	1899350	0	2486	s612,s613,s614	['s613']	s612	s614	206	BubbleRegion_206	1	Rv1671,Rv1672c,Rv1673c,Rv1674c	Rv1671,Rv1672c,Rv1673c,Rv1674c
NC_000962.3	1899351	1901104	917	1753	s614,s3054,s615,s616	['s3054', 's615']	s614	s616	207	BubbleRegion_207	2	Rv1674c,cmr,Rv1676	Rv1674c,Rv1675c,Rv1676
NC_000962.3	1902355	1902355	0	1358	s616,s2316,s617	['s2316']	s616	s617	208	BubbleRegion_208	1		
NC_000962.3	1906452	1907095	643	2647	s617,s2621,s2382,s2383,s2383,s2384,s2385,s618,s619	['s2621', 's2382', 's2383', 's2383', 's2384', 's2385', 's618']	s617	s619	209	BubbleRegion_209	7	Rv1682	Rv1682
NC_000962.3	1907473	1907529	0	56	s619,s620,s621	['s620']	s619	s621	210	BubbleRegion_210	1		
NC_000962.3	1907573	1907573	0	56	s621,s2092,s622	['s2092']	s621	s622	211	BubbleRegion_211	1		
NC_000962.3	1911968	1911968	0	1358	s622,s2340,s623	['s2340']	s622	s623	212	BubbleRegion_212	1	Rv1686c	Rv1686c
NC_000962.3	1915483	1915483	0	1358	s623,s3023,s624	['s3023']	s623	s624	213	BubbleRegion_213	1		
NC_000962.3	1950763	1950767	4	1363	s624,s2211,s625,s626	['s2211', 's625']	s624	s626	214	BubbleRegion_214	2	Rv1724c	Rv1724c
NC_000962.3	1955589	1955646	0	627	s626,s627,s628,s1804,s1805,s1806,s1807,s2861,s2882,s2862,s2863,s1808,s1809,s629,s630,s631	['s627', 's628', 's1804', 's1805', 's1806', 's1807', 's2861', 's2882', 's2862', 's2863', 's1808', 's1809', 's629', 's630']	s626	s631	215	BubbleRegion_215	14		
NC_000962.3	1960283	1960284	1	1359	s631,s2275,s632,s633	['s2275', 's632']	s631	s633	216	BubbleRegion_216	2	Rv1733c	Rv1733c
NC_000962.3	1967650	1967650	0	1359	s633,s2708,s634	['s2708']	s633	s634	217	BubbleRegion_217	1		
NC_000962.3	1981569	1982208	489	2735	s634,s635,s2899,s2709,s2710,s2920,s636,s2253,s2295,s2254,s637,s638,s639,s640,s1810,s1811,s1812,s1813,s1814,s641	['s635', 's2899', 's2709', 's2710', 's2920', 's636', 's2253', 's2295', 's2254', 's637', 's638', 's639', 's640', 's1810', 's1811', 's1812', 's1813', 's1814']	s634	s641	218	BubbleRegion_218	18	Rv1752,PPE24	Rv1752,Rv1753c
NC_000962.3	1982894	1982972	0	78	s641,s642,s643	['s642']	s641	s643	219	BubbleRegion_219	1	PPE24	Rv1753c
NC_000962.3	1983078	1983317	5	863	s643,s2255,s644,s645,s646,s647,s1815,s648,s2093,s2174,s2175,s2622,s2176,s2094,s649,s650	['s2255', 's644', 's645', 's646', 's647', 's1815', 's648', 's2093', 's2174', 's2175', 's2622', 's2176', 's2094', 's649']	s643	s650	220	BubbleRegion_220	14	PPE24	Rv1753c
NC_000962.3	1986625	1999613	1368	29276	s650,s2317,s2318,s2318,s2319,s2320,s651,s2231,s3104,s3106,s2232,s2233,s652,s2451,s2531,s2979,s3017,s2532,s2452,s2453,s2453,s2454,s653,s654,s655,s656,s657,s658,s2623,s659,s2481,s660,s2611,s2610,s662,s661,s2610,s661,s662,s2611,s663,s1816,s1817,s1818,s1819,s664,s3055,s2711,s665,s666,s667,s2177,s668,s2423,s669,s2212,s2213,s2213,s2214,s670,s3031,s671,s672,s673,s674,s675,s676,s677,s678,s679,s680,s2400,s681,s3107,s2872,s2873,s2873,s2874,s2875,s2876,s2877,s2878,s682,s683,s1820,s2533,s2534,s2535,s1821,s1822,s1823,s684,s685,s686,s687,s2666,s2667,s688,s689,s690,s691,s692,s3115,s3095,s693,s694,s695,s2296,s2297,s696,s697,s698,s2437,s2438,s2455,s699,s700,s701	['s2317', 's2318', 's2318', 's2319', 's2320', 's651', 's2231', 's3104', 's3106', 's2232', 's2233', 's652', 's2451', 's2531', 's2979', 's3017', 's2532', 's2452', 's2453', 's2453', 's2454', 's653', 's654', 's655', 's656', 's657', 's658', 's2623', 's659', 's2481', 's660', 's2611', 's2610', 's662', 's661', 's2610', 's661', 's662', 's2611', 's663', 's1816', 's1817', 's1818', 's1819', 's664', 's3055', 's2711', 's665', 's666', 's667', 's2177', 's668', 's2423', 's669', 's2212', 's2213', 's2213', 's2214', 's670', 's3031', 's671', 's672', 's673', 's674', 's675', 's676', 's677', 's678', 's679', 's680', 's2400', 's681', 's3107', 's2872', 's2873', 's2873', 's2874', 's2875', 's2876', 's2877', 's2878', 's682', 's683', 's1820', 's2533', 's2534', 's2535', 's1821', 's1822', 's1823', 's684', 's685', 's686', 's687', 's2666', 's2667', 's688', 's689', 's690', 's691', 's692', 's3115', 's3095', 's693', 's694', 's695', 's2296', 's2297', 's696', 's697', 's698', 's2437', 's2438', 's2455', 's699', 's700']	s650	s701	221	BubbleRegion_221	116	Rv1754c,plcD,Rv1756c,Rv1757c,cut1,wag22,Rv1760,Rv1761c,Rv1762c,Rv1763,Rv1764,Rv1765c,Rv1765A	Rv1754c,Rv1755c,Rv1756c,Rv1757c,Rv1758,Rv1759c,Rv1760,Rv1761c,Rv1762c,Rv1763,Rv1764,Rv1765c,Rv1765A
NC_000962.3	2002036	2002132	0	96	s701,s702,s703	['s702']	s701	s703	222	BubbleRegion_222	1	PE_PGRS31	Rv1768
NC_000962.3	2006673	2006673	0	1358	s703,s2456,s704	['s2456']	s703	s704	223	BubbleRegion_223	1	Rv1772	Rv1772
NC_000962.3	2010923	2010923	0	1358	s704,s2321,s705	['s2321']	s704	s705	224	BubbleRegion_224	1	cyp144	Rv1777
NC_000962.3	2025845	2028969	0	9237	s705,s706,s3092,s707,s708,s709	['s706', 's3092', 's707', 's708']	s705	s709	225	BubbleRegion_225	4	PPE25,PE18,PPE26,PPE27	Rv1787,Rv1788,Rv1789,Rv1790
NC_000962.3	2038717	2039173	456	3286	s709,s3096,s710,s711,s2322,s2482,s2323,s2276,s2277,s712,s3116,s2278,s2278,s3116,s712,s2277,s2276,s3096,s713,s714,s715,s716	['s3096', 's710', 's711', 's2322', 's2482', 's2323', 's2276', 's2277', 's712', 's3116', 's2278', 's2278', 's3116', 's712', 's2277', 's2276', 's3096', 's713', 's714', 's715']	s709	s716	226	BubbleRegion_226	20	lppT	Rv1799
NC_000962.3	2041739	2041739	0	1358	s716,s2712,s2713,s2713,s2714,s717	['s2712', 's2713', 's2713', 's2714']	s716	s717	227	BubbleRegion_227	4		
NC_000962.3	2044023	2046100	0	3435	s717,s718,s3097,s719,s720	['s718', 's3097', 's719']	s717	s720	228	BubbleRegion_228	3	PPE30,PE_PGRS32	Rv1802,Rv1803c
NC_000962.3	2047004	2047520	516	2236	s720,s721,s2785,s2786,s3071,s2787,s722,s2746,s2747,s723	['s721', 's2785', 's2786', 's3071', 's2787', 's722', 's2746', 's2747']	s720	s723	229	BubbleRegion_229	8	Rv1804c	Rv1804c
NC_000962.3	2057576	2057576	0	1358	s723,s2551,s724	['s2551']	s723	s724	230	BubbleRegion_230	1	Rv1815	Rv1815
NC_000962.3	2059521	2059598	0	77	s724,s725,s726	['s725']	s724	s726	231	BubbleRegion_231	1	Rv1817	Rv1817
NC_000962.3	2061890	2062106	75	216	s726,s727,s728,s729,s730	['s727', 's728', 's729']	s726	s730	232	BubbleRegion_232	3	PE_PGRS33	Rv1818c
NC_000962.3	2062164	2062236	0	72	s730,s731,s732	['s731']	s730	s732	233	BubbleRegion_233	1	PE_PGRS33	Rv1818c
NC_000962.3	2074446	2074446	0	112	s732,s2795,s733	['s2795']	s732	s733	234	BubbleRegion_234	1		
NC_000962.3	2074455	2074623	0	168	s733,s734,s735,s736,s737,s738,s739	['s734', 's735', 's736', 's737', 's738']	s733	s739	235	BubbleRegion_235	5		
NC_000962.3	2090363	2090443	0	80	s739,s740,s741	['s740']	s739	s741	236	BubbleRegion_236	1	Rv1841c	Rv1841c
NC_000962.3	2123501	2123501	0	7369	s741,s2961,s742	['s2961']	s741	s742	237	BubbleRegion_237	1	Rv1873	Rv1873
NC_000962.3	2128379	2129583	0	1204	s742,s743,s744	['s743']	s742	s744	238	BubbleRegion_238	1	glnA3,Rv1879	Rv1878,Rv1879
NC_000962.3	2133011	2133109	0	98	s744,s745,s746	['s745']	s744	s746	239	BubbleRegion_239	1	Rv1882c	Rv1882c
NC_000962.3	2146092	2146092	0	90	s746,s2857,s747	['s2857']	s746	s747	240	BubbleRegion_240	1	lppD	Rv1899c
NC_000962.3	2149843	2150417	574	598	s747,s2578,s748,s749	['s2578', 's748']	s747	s749	241	BubbleRegion_241	2	nanT,Rv1903	Rv1902c,Rv1903
NC_000962.3	2150782	2150782	0	1359	s749,s3038,s750	['s3038']	s749	s750	242	BubbleRegion_242	1		
NC_000962.3	2156327	2156445	0	118	s750,s751,s752	['s751']	s750	s752	243	BubbleRegion_243	1	furA	Rv1909c
NC_000962.3	2163258	2163258	0	1358	s752,s2900,s753	['s2900']	s752	s753	244	BubbleRegion_244	1	PPE34	Rv1917c
NC_000962.3	2163345	2168184	119	22106	s753,s754,s1999,s2573,s2763,s2764,s2765,s2765,s2766,s2767,s2572,s2000,s2587,s2001,s2002,s2095,s2003,s2376,s2004,s2005,s2006,s2007,s2324,s755,s756,s2256,s2257,s2911,s2952,s757,s758,s2945,s2946,s2946,s2947,s759,s1824,s1825,s1826,s1827,s1828,s1829,s1830,s1831,s1832,s1833,s1834,s2655,s2624,s1835,s2401,s760,s761,s2536,s762,s763,s764,s765,s766,s2279,s767,s768,s769,s770,s2008,s771,s772,s2497,s2498,s3003,s2953,s3128,s2954,s773,s774,s775,s776,s777,s2733,s778,s779,s1836,s1837,s2890,s1838,s1839,s1840,s2668,s1841,s1842,s1843,s1844,s1845,s2625,s1846,s1847,s1964,s2656,s1965,s2143,s1966,s1967,s2009,s2010,s2011,s2012,s1968,s1848,s780,s781,s2734,s2735,s2949,s2950,s2736,s2921,s2737,s2768,s2738,s2739,s2755,s2756,s2740,s3098,s782,s783,s784,s2178,s2386,s785,s786,s787	['s754', 's1999', 's2573', 's2763', 's2764', 's2765', 's2765', 's2766', 's2767', 's2572', 's2000', 's2587', 's2001', 's2002', 's2095', 's2003', 's2376', 's2004', 's2005', 's2006', 's2007', 's2324', 's755', 's756', 's2256', 's2257', 's2911', 's2952', 's757', 's758', 's2945', 's2946', 's2946', 's2947', 's759', 's1824', 's1825', 's1826', 's1827', 's1828', 's1829', 's1830', 's1831', 's1832', 's1833', 's1834', 's2655', 's2624', 's1835', 's2401', 's760', 's761', 's2536', 's762', 's763', 's764', 's765', 's766', 's2279', 's767', 's768', 's769', 's770', 's2008', 's771', 's772', 's2497', 's2498', 's3003', 's2953', 's3128', 's2954', 's773', 's774', 's775', 's776', 's777', 's2733', 's778', 's779', 's1836', 's1837', 's2890', 's1838', 's1839', 's1840', 's2668', 's1841', 's1842', 's1843', 's1844', 's1845', 's2625', 's1846', 's1847', 's1964', 's2656', 's1965', 's2143', 's1966', 's1967', 's2009', 's2010', 's2011', 's2012', 's1968', 's1848', 's780', 's781', 's2734', 's2735', 's2949', 's2950', 's2736', 's2921', 's2737', 's2768', 's2738', 's2739', 's2755', 's2756', 's2740', 's3098', 's782', 's783', 's784', 's2178', 's2386', 's785', 's786']	s753	s787	245	BubbleRegion_245	130	PPE34,PPE35	Rv1917c,Rv1918c
NC_000962.3	2168188	2168188	0	202	s787,s2377,s788	['s2377']	s787	s788	246	BubbleRegion_246	1	PPE35	Rv1918c
NC_000962.3	2169041	2169119	0	78	s788,s789,s790	['s789']	s788	s790	247	BubbleRegion_247	1	PPE35	Rv1918c
NC_000962.3	2171665	2171665	0	1359	s790,s3125,s791	['s3125']	s790	s791	248	BubbleRegion_248	1	Rv1920	Rv1920
NC_000962.3	2173828	2173828	0	1358	s791,s2179,s792	['s2179']	s791	s792	249	BubbleRegion_249	1		
NC_000962.3	2174753	2174753	0	1359	s792,s2657,s793	['s2657']	s792	s793	250	BubbleRegion_250	1	Rv1922	Rv1922
NC_000962.3	2179565	2180652	0	1087	s793,s794,s795	['s794']	s793	s795	251	BubbleRegion_251	1	Rv1927,Rv1928c	Rv1927,Rv1928c
NC_000962.3	2180857	2180857	0	1358	s795,s2932,s796	['s2932']	s795	s796	252	BubbleRegion_252	1	Rv1928c	Rv1928c
NC_000962.3	2199474	2199474	0	1359	s796,s2588,s797	['s2588']	s796	s797	253	BubbleRegion_253	1	Rv1949c	Rv1949c
NC_000962.3	2203405	2203405	0	1359	s797,s2483,s798	['s2483']	s797	s798	254	BubbleRegion_254	1	Rv1958c	Rv1958c
NC_000962.3	2208005	2223187	2463	22950	s798,s799,s800,s801,s802,s803,s2484,s804,s1849,s1850,s1851,s2013,s805,s2424,s3024,s2425,s2426,s2426,s2427,s806,s807,s2883,s808,s809,s2545,s810,s811,s812	['s799', 's800', 's801', 's802', 's803', 's2484', 's804', 's1849', 's1850', 's1851', 's2013', 's805', 's2424', 's3024', 's2425', 's2426', 's2426', 's2427', 's806', 's807', 's2883', 's808', 's809', 's2545', 's810', 's811']	s798	s812	255	BubbleRegion_255	26	yrbE3A,yrbE3B,mce3A,mce3B,mce3C,mce3D,lprM,mce3F,Rv1972,Rv1973,Rv1974,Rv1975,Rv1976c,Rv1977,Rv1978,Rv1979c	Rv1964,Rv1965,Rv1966,Rv1967,Rv1968,Rv1969,Rv1970,Rv1971,Rv1972,Rv1973,Rv1974,Rv1975,Rv1976c,Rv1977,Rv1978,Rv1979c
NC_000962.3	2226441	2232590	157	7228	s812,s2781,s813,s814,s815,s2215,s816,s817	['s2781', 's813', 's814', 's815', 's2215', 's816']	s812	s817	256	BubbleRegion_256	6	PE_PGRS35,cfp21,Rv1985c,Rv1986,Rv1987,erm(37)	Rv1983,Rv1984c,Rv1985c,Rv1986,Rv1987,Rv1988
NC_000962.3	2235169	2235232	0	63	s817,s818,s819	['s818']	s817	s819	257	BubbleRegion_257	1	ctpG	Rv1992c
NC_000962.3	2235803	2239360	244	3557	s819,s820,s821,s822,s823	['s820', 's821', 's822']	s819	s823	258	BubbleRegion_258	3	ctpG,Rv1993c,cmtR,Rv1995,Rv1996	Rv1992c,Rv1993c,Rv1994c,Rv1995,Rv1996
NC_000962.3	2246842	2246842	0	1358	s823,s2325,s824	['s2325']	s823	s824	259	BubbleRegion_259	1	Rv2001	Rv2001
NC_000962.3	2248720	2248778	0	58	s824,s825,s826	['s825']	s824	s826	260	BubbleRegion_260	1	Rv2003c	Rv2003c
NC_000962.3	2262185	2262543	358	1716	s826,s2326,s2457,s828,s2458,s827,s2327,s2458,s2327,s827,s828,s2457,s2326,s829	['s2326', 's2457', 's828', 's2458', 's827', 's2327', 's2458', 's2327', 's827', 's828', 's2457', 's2326']	s826	s829	261	BubbleRegion_261	12	Rv2015c	Rv2015c
NC_000962.3	2262956	2262956	0	0	s829,s830	[]	s829	s830	262	BubbleRegion_262	0	Rv2015c	Rv2015c
NC_000962.3	2262984	2263624	640	2260	s830,s2958,s831,s2360,s2552,s2553,s2361,s832,s2014,s2015,s833	['s2958', 's831', 's2360', 's2552', 's2553', 's2361', 's832', 's2014', 's2015']	s830	s833	263	BubbleRegion_263	9	Rv2015c,Rv2016	Rv2015c,Rv2016
NC_000962.3	2263778	2266164	1355	5104	s833,s2933,s834,s2137,s835,s2485,s836,s837	['s2933', 's834', 's2137', 's835', 's2485', 's836']	s833	s837	264	BubbleRegion_264	6	Rv2016,Rv2017,Rv2018,Rv2019	Rv2016,Rv2017,Rv2018,Rv2019
NC_000962.3	2268723	2268723	0	6459	s837,s1852,s1853,s1854,s1855,s2884,s2499,s3138,s2796,s2796,s3138,s1854,s1853,s2797,s2500,s2501,s1856,s1857,s838	['s1852', 's1853', 's1854', 's1855', 's2884', 's2499', 's3138', 's2796', 's2796', 's3138', 's1854', 's1853', 's2797', 's2500', 's2501', 's1856', 's1857']	s837	s838	265	BubbleRegion_265	17	Rv2023A,Rv2024c	Rv2023A,Rv2024c
NC_000962.3	2270445	2270445	0	1358	s838,s2502,s839	['s2502']	s838	s839	266	BubbleRegion_266	1		
NC_000962.3	2297650	2303711	19	6061	s839,s2912,s840,s841	['s2912', 's840']	s839	s841	267	BubbleRegion_267	2	pks12	Rv2048c
NC_000962.3	2316548	2320069	0	3521	s841,s842,s843	['s842']	s841	s843	268	BubbleRegion_268	1	Rv2059,Rv2060,Rv2061c,cobN	Rv2059,Rv2060,Rv2061c,Rv2062c
NC_000962.3	2320959	2321729	770	885	s843,s2161,s844,s1969,s1970,s845	['s2161', 's844', 's1969', 's1970']	s843	s845	269	BubbleRegion_269	4	mazE7,mazF7,cobG	Rv2063,Rv2063A,Rv2064
NC_000962.3	2325148	2326029	0	881	s845,s846,s847	['s846']	s845	s847	270	BubbleRegion_270	1	Rv2067c,blaC	Rv2067c,Rv2068c
NC_000962.3	2330072	2332101	0	2029	s847,s848,s849	['s848']	s847	s849	271	BubbleRegion_271	1	cobL,Rv2073c,Rv2074,Rv2075c	Rv2072c,Rv2073c,Rv2074,Rv2075c
NC_000962.3	2334673	2334673	0	1358	s849,s3032,s850	['s3032']	s849	s850	272	BubbleRegion_272	1		
NC_000962.3	2339259	2339509	172	250	s850,s2459,s851,s852,s853,s854	['s2459', 's851', 's852', 's853']	s850	s854	273	BubbleRegion_273	4	Rv2082	Rv2082
NC_000962.3	2340755	2340755	0	2661	s854,s2180,s2181,s2298,s2182,s855	['s2180', 's2181', 's2298', 's2182']	s854	s855	274	BubbleRegion_274	4	Rv2082	Rv2082
NC_000962.3	2343291	2343291	0	1358	s855,s2144,s856	['s2144']	s855	s856	275	BubbleRegion_275	1	Rv2085	Rv2085
NC_000962.3	2347459	2347516	0	57	s856,s857,s858	['s857']	s856	s858	276	BubbleRegion_276	1	Rv2090	Rv2090
NC_000962.3	2347550	2347607	0	57	s858,s859,s860	['s859']	s858	s860	277	BubbleRegion_277	1	Rv2090	Rv2090
NC_000962.3	2352065	2352065	0	68	s860,s1858,s861	['s1858']	s860	s861	278	BubbleRegion_278	1		
NC_000962.3	2356794	2357007	0	213	s861,s862,s863	['s862']	s861	s863	279	BubbleRegion_279	1	PE_PGRS36	Rv2098c
NC_000962.3	2360660	2360740	0	80	s863,s864,s865	['s864']	s863	s865	280	BubbleRegion_280	1	helZ	Rv2101
NC_000962.3	2361909	2363682	1	1773	s865,s2362,s866,s867	['s2362', 's866']	s865	s867	281	BubbleRegion_281	2	helZ,Rv2102	Rv2101,Rv2102
NC_000962.3	2365410	2367205	123	4635	s867,s2715,s868,s2138,s2139,s2234,s869,s2016,s2017,s2018,s2716,s870,s871,s872,s873,s874,s875,s876	['s2715', 's868', 's2138', 's2139', 's2234', 's869', 's2016', 's2017', 's2018', 's2716', 's870', 's871', 's872', 's873', 's874', 's875']	s867	s876	282	BubbleRegion_282	16	Rv2105,Rv2106	Rv2105,Rv2106
NC_000962.3	2368371	2368371	0	1359	s876,s2112,s877	['s2112']	s876	s877	283	BubbleRegion_283	1	PPE36	Rv2108
NC_000962.3	2372449	2372449	0	57	s877,s2387,s878	['s2387']	s877	s878	284	BubbleRegion_284	1	dop	Rv2112c
NC_000962.3	2372481	2372538	0	228	s878,s2216,s879,s2019,s2020,s2113,s2021,s880,s881	['s2216', 's879', 's2019', 's2020', 's2113', 's2021', 's880']	s878	s881	285	BubbleRegion_285	7	dop	Rv2112c
NC_000962.3	2381410	2383684	0	2274	s881,s882,s883	['s882']	s881	s883	286	BubbleRegion_286	1	PPE37,metH	Rv2123,Rv2124c
NC_000962.3	2401865	2401923	0	232	s883,s884,s885,s2022,s2023,s2980,s2024,s886,s887	['s884', 's885', 's2022', 's2023', 's2980', 's2024', 's886']	s883	s887	287	BubbleRegion_287	7		
NC_000962.3	2406070	2406070	0	1358	s887,s2885,s888	['s2885']	s887	s888	288	BubbleRegion_288	1		
NC_000962.3	2423583	2424171	213	588	s888,s2658,s2659,s2815,s2660,s889,s890,s891,s892,s893,s894,s895,s896,s897	['s2658', 's2659', 's2815', 's2660', 's889', 's890', 's891', 's892', 's893', 's894', 's895', 's896']	s888	s897	289	BubbleRegion_289	12	PE_PGRS38	Rv2162c
NC_000962.3	2430113	2431471	0	1358	s897,s898,s899	['s898']	s897	s899	290	BubbleRegion_290	1	Rv2167c,Rv2168c	Rv2167c,Rv2168c
NC_000962.3	2461349	2461502	39	1512	s899,s1971,s1972,s2717,s900,s901,s902,s903,s904,s905	['s1971', 's1972', 's2717', 's900', 's901', 's902', 's903', 's904']	s899	s905	291	BubbleRegion_291	8		
NC_000962.3	2470270	2470270	0	1358	s905,s2718,s906	['s2718']	s905	s906	292	BubbleRegion_292	1	Rv2205c	Rv2205c
NC_000962.3	2531904	2532116	0	212	s906,s907,s908,s909,s910	['s907', 's908', 's909']	s906	s910	293	BubbleRegion_293	3		
NC_000962.3	2532121	2532174	0	159	s910,s911,s2363,s2626,s912,s913,s914	['s911', 's2363', 's2626', 's912', 's913']	s910	s914	294	BubbleRegion_294	5		
NC_000962.3	2535431	2536141	0	710	s914,s915,s916	['s915']	s914	s916	295	BubbleRegion_295	1	Rv2262c,Rv2263	Rv2262c,Rv2263
NC_000962.3	2541730	2542011	281	1640	s916,s2460,s2461,s2537,s917,s918	['s2460', 's2461', 's2537', 's917']	s916	s918	296	BubbleRegion_296	4	Rv2267c	Rv2267c
NC_000962.3	2545196	2551675	0	6479	s918,s919,s920,s921,s922	['s919', 's920', 's921']	s918	s922	297	BubbleRegion_297	3	lppN,Rv2271,Rv2272,Rv2273,mazF8,mazE8,Rv2275,cyp121,Rv2277c,Rv2278,Rv2279,Rv2280	Rv2270,Rv2271,Rv2272,Rv2273,Rv2274c,Rv2274A,Rv2275,Rv2276,Rv2277c,Rv2278,Rv2279,Rv2280
NC_000962.3	2555738	2555928	190	1549	s922,s2627,s923,s2258,s2259,s2259,s2260,s924	['s2627', 's923', 's2258', 's2259', 's2259', 's2260']	s922	s924	298	BubbleRegion_298	6	Rv2282c	Rv2282c
NC_000962.3	2559513	2559843	330	2018	s924,s2962,s3045,s2963,s2964,s2964,s2965,s925,s926	['s2962', 's3045', 's2963', 's2964', 's2964', 's2965', 's925']	s924	s926	299	BubbleRegion_299	7	Rv2286c,yjcE	Rv2286c,Rv2287
NC_000962.3	2579548	2579548	0	1361	s926,s2719,s927	['s2719']	s926	s927	300	BubbleRegion_300	1	Rv2307B	Rv2307B
NC_000962.3	2579944	2581464	1355	2878	s927,s3056,s928,s2439,s929,s930	['s3056', 's928', 's2439', 's929']	s927	s930	301	BubbleRegion_301	4	Rv2307D,Rv2308	Rv2307D,Rv2308
NC_000962.3	2583492	2584514	940	1022	s930,s2096,s931,s932	['s2096', 's931']	s930	s932	302	BubbleRegion_302	2	Rv2310,Rv2311,Rv2312	Rv2310,Rv2311,Rv2312
NC_000962.3	2592355	2592355	0	952	s932,s2025,s933	['s2025']	s932	s933	303	BubbleRegion_303	1	Rv2319c	Rv2319c
NC_000962.3	2601013	2601013	0	1358	s933,s3117,s934	['s3117']	s933	s934	304	BubbleRegion_304	1	PE23	Rv2328
NC_000962.3	2610858	2610858	0	1357	s934,s2364,s935	['s2364']	s934	s935	305	BubbleRegion_305	1	Rv2336	Rv2336
NC_000962.3	2612644	2612644	0	1358	s935,s3099,s936	['s3099']	s935	s936	306	BubbleRegion_306	1	Rv2337c	Rv2337c
NC_000962.3	2613924	2613924	0	1443	s936,s1859,s937	['s1859']	s936	s937	307	BubbleRegion_307	1	moeW	Rv2338c
NC_000962.3	2614568	2614781	213	1571	s937,s2235,s2901,s938,s939	['s2235', 's2901', 's938']	s937	s939	308	BubbleRegion_308	3	mmpL9	Rv2339
NC_000962.3	2627049	2639487	3507	30484	s939,s2720,s940,s2462,s941,s2966,s942,s943,s3044,s3057,s2788,s2955,s2789,s944,s2388,s945,s946,s947,s2440,s948,s949,s3043,s950,s951,s952,s3033,s2934,s2097,s3034,s2145,s2026,s2752,s953,s3016,s954,s2236,s955,s956,s1973,s2554,s1974,s1975,s1976,s1977,s2328,s957,s2389,s2390,s2985,s3047,s2391,s2753,s2986,s2987,s2988,s2754,s958,s3111,s959,s960,s2993,s961,s962,s2612,s2769,s2613,s963,s1860,s1861,s1862,s2589,s2866,s1863,s1864,s964,s965,s966,s967,s2555,s2661,s3135,s2556,s2557,s2557,s2558,s2559,s2560,s968,s969,s970	['s2720', 's940', 's2462', 's941', 's2966', 's942', 's943', 's3044', 's3057', 's2788', 's2955', 's2789', 's944', 's2388', 's945', 's946', 's947', 's2440', 's948', 's949', 's3043', 's950', 's951', 's952', 's3033', 's2934', 's2097', 's3034', 's2145', 's2026', 's2752', 's953', 's3016', 's954', 's2236', 's955', 's956', 's1973', 's2554', 's1974', 's1975', 's1976', 's1977', 's2328', 's957', 's2389', 's2390', 's2985', 's3047', 's2391', 's2753', 's2986', 's2987', 's2988', 's2754', 's958', 's3111', 's959', 's960', 's2993', 's961', 's962', 's2612', 's2769', 's2613', 's963', 's1860', 's1861', 's1862', 's2589', 's2866', 's1863', 's1864', 's964', 's965', 's966', 's967', 's2555', 's2661', 's3135', 's2556', 's2557', 's2557', 's2558', 's2559', 's2560', 's968', 's969']	s939	s970	309	BubbleRegion_309	88	plcC,plcB,plcA,PPE38,PPE39,Rv2354,Rv2355,PPE40	Rv2349c,Rv2350c,Rv2351c,Rv2352c,Rv2353c,Rv2354,Rv2355,Rv2356c
NC_000962.3	2683561	2683561	0	1358	s970,s2570,s971	['s2570']	s970	s971	310	BubbleRegion_310	1	rpfD	Rv2389c
NC_000962.3	2684059	2684059	0	1358	s971,s2935,s972	['s2935']	s971	s972	311	BubbleRegion_311	1	Rv2390c	Rv2390c
NC_000962.3	2687214	2687214	0	54	s972,s1865,s973	['s1865']	s972	s973	312	BubbleRegion_312	1	che1	Rv2393
NC_000962.3	2700494	2700494	0	1458	s973,s2329,s974	['s2329']	s973	s974	313	BubbleRegion_313	1		
NC_000962.3	2703931	2703988	0	57	s974,s975,s976	['s975']	s974	s976	314	BubbleRegion_314	1		
NC_000962.3	2704005	2704005	0	57	s976,s2183,s977	['s2183']	s976	s977	315	BubbleRegion_315	1		
NC_000962.3	2704307	2704807	0	500	s977,s978,s979	['s978']	s977	s979	316	BubbleRegion_316	1	Rv2406c,Rv2407	Rv2406c,Rv2407
NC_000962.3	2705570	2705570	0	85	s979,s2669,s980	['s2669']	s979	s980	317	BubbleRegion_317	1		
NC_000962.3	2715882	2715962	0	80	s980,s981,s982	['s981']	s980	s982	318	BubbleRegion_318	1	Rv2417c	Rv2417c
NC_000962.3	2729618	2729832	0	214	s982,s983,s984	['s983']	s982	s984	319	BubbleRegion_319	1	Rv2434c	Rv2434c
NC_000962.3	2732273	2732273	0	1358	s984,s2152,s985	['s2152']	s984	s985	320	BubbleRegion_320	1	Rv2435c	Rv2435c
NC_000962.3	2732546	2732546	0	1358	s985,s2798,s986	['s2798']	s985	s986	321	BubbleRegion_321	1	Rv2435c	Rv2435c
NC_000962.3	2784161	2784569	0	408	s986,s987,s988	['s987']	s986	s988	322	BubbleRegion_322	1	Rv2478c	Rv2478c
NC_000962.3	2784614	2785972	0	1358	s988,s989,s990	['s989']	s988	s990	323	BubbleRegion_323	1	Rv2479c,Rv2480c	Rv2479c,Rv2480c
NC_000962.3	2786341	2793887	0	7546	s990,s991,s992	['s991']	s990	s992	324	BubbleRegion_324	1	Rv2481c,plsB2,plsC,Rv2484c,lipQ	Rv2481c,Rv2482c,Rv2483c,Rv2484c,Rv2485c
NC_000962.3	2796221	2796606	40	385	s992,s993,s994,s995,s996	['s993', 's994', 's995']	s992	s996	325	BubbleRegion_325	3	PE_PGRS42	Rv2487c
NC_000962.3	2796814	2796961	0	147	s996,s997,s998	['s997']	s996	s998	326	BubbleRegion_326	1	PE_PGRS42	Rv2487c
NC_000962.3	2802670	2802796	51	126	s998,s3100,s999,s1000	['s3100', 's999']	s998	s1000	327	BubbleRegion_327	2	PE_PGRS43	Rv2490c
NC_000962.3	2802811	2802868	0	57	s1000,s1001,s1002	['s1001']	s1000	s1002	328	BubbleRegion_328	1	PE_PGRS43	Rv2490c
NC_000962.3	2803511	2803961	0	450	s1002,s1003,s1004,s1005,s1006	['s1003', 's1004', 's1005']	s1002	s1006	329	BubbleRegion_329	3	PE_PGRS43	Rv2490c
NC_000962.3	2804602	2805043	0	441	s1006,s1007,s1008	['s1007']	s1006	s1008	330	BubbleRegion_330	1	PE_PGRS43	Rv2490c
NC_000962.3	2805145	2805223	0	78	s1008,s1009,s1010	['s1009']	s1008	s1010	331	BubbleRegion_331	1	PE_PGRS43	Rv2490c
NC_000962.3	2805228	2805370	22	142	s1010,s2757,s1011,s1012	['s2757', 's1011']	s1010	s1012	332	BubbleRegion_332	2	PE_PGRS43	Rv2490c
NC_000962.3	2805574	2805649	0	75	s1012,s1013,s1014	['s1013']	s1012	s1014	333	BubbleRegion_333	1	PE_PGRS43	Rv2490c
NC_000962.3	2830194	2830194	0	1358	s1014,s2721,s1015	['s2721']	s1014	s1015	334	BubbleRegion_334	1	Rv2513	Rv2513
NC_000962.3	2866195	2866256	0	61	s1015,s1016,s1017	['s1016']	s1015	s1017	335	BubbleRegion_335	1	Rv2542	Rv2542
NC_000962.3	2867202	2867202	0	656	s1017,s1978,s1018	['s1978']	s1017	s1018	336	BubbleRegion_336	1	lppB	Rv2544
NC_000962.3	2881686	2881686	0	1358	s1018,s3058,s1019	['s3058']	s1018	s1019	337	BubbleRegion_337	1	Rv2561	Rv2561
NC_000962.3	2884442	2884442	0	1359	s1019,s2428,s1020	['s2428']	s1019	s1020	338	BubbleRegion_338	1		
NC_000962.3	2921824	2923064	0	1414	s1020,s1021,s1022,s1023,s2838,s1024,s1025,s1026,s1027	['s1021', 's1022', 's1023', 's2838', 's1024', 's1025', 's1026']	s1020	s1027	339	BubbleRegion_339	7	PE_PGRS44	Rv2591
NC_000962.3	2944287	2944287	0	480	s1027,s2628,s1028	['s2628']	s1027	s1028	340	BubbleRegion_340	1	PE_PGRS45	Rv2615c
NC_000962.3	2949906	2955131	0	5225	s1028,s1029,s1030,s1031,s1032	['s1029', 's1030', 's1031']	s1028	s1032	341	BubbleRegion_341	3	TB31.7,Rv2624c,Rv2625c,hrp1,Rv2627c,Rv2628	Rv2623,Rv2624c,Rv2625c,Rv2626c,Rv2627c,Rv2628
NC_000962.3	2961072	2961186	0	114	s1032,s1033,s1034	['s1033']	s1032	s1034	342	BubbleRegion_342	1	PE_PGRS46	Rv2634c
NC_000962.3	2962800	2962800	0	1359	s1034,s3086,s1035	['s3086']	s1034	s1035	343	BubbleRegion_343	1	Rv2636	Rv2636
NC_000962.3	2968348	2968932	0	584	s1035,s1036,s1037	['s1036']	s1035	s1037	344	BubbleRegion_344	1	arsC,Rv2644c	Rv2643,Rv2644c
NC_000962.3	2970010	2980992	0	10982	s1037,s1038,s1039,s1040,s1041	['s1038', 's1039', 's1040']	s1037	s1041	345	BubbleRegion_345	3	valU,Rv2645,Rv2646,Rv2647,Rv2648,Rv2649,Rv2650c,Rv2651c,Rv2652c,Rv2653c,Rv2654c,Rv2655c,Rv2656c,Rv2657c,Rv2658c,Rv2659c,Rv2660c	MTB000038,Rv2645,Rv2646,Rv2647,Rv2648,Rv2649,Rv2650c,Rv2651c,Rv2652c,Rv2653c,Rv2654c,Rv2655c,Rv2656c,Rv2657c,Rv2658c,Rv2659c,Rv2660c
NC_000962.3	2982598	2982598	0	1358	s1041,s2027,s1042	['s2027']	s1041	s1042	346	BubbleRegion_346	1		
NC_000962.3	2990621	2990676	0	110	s1042,s1043,s1979,s1044,s1045	['s1043', 's1979', 's1044']	s1042	s1045	347	BubbleRegion_347	3		
NC_000962.3	2990694	2990694	0	55	s1045,s1866,s1046	['s1866']	s1045	s1046	348	BubbleRegion_348	1		
NC_000962.3	2996023	2996074	0	153	s1046,s3124,s2217,s1047,s1048	['s3124', 's2217', 's1047']	s1046	s1048	349	BubbleRegion_349	3		
NC_000962.3	2996077	2996077	0	204	s1048,s2028,s1049	['s2028']	s1048	s1049	350	BubbleRegion_350	1		
NC_000962.3	2996111	2996162	0	51	s1049,s1050,s1051	['s1050']	s1049	s1051	351	BubbleRegion_351	1	Rv2680	Rv2680
NC_000962.3	3006252	3006924	672	766	s1051,s2098,s1052,s1053	['s2098', 's1052']	s1051	s1053	352	BubbleRegion_352	2	Rv2689c	Rv2689c
NC_000962.3	3007097	3007203	0	265	s1053,s1054,s1055,s2629,s3004,s2630,s2631,s1056,s1057,s1058	['s1054', 's1055', 's2629', 's3004', 's2630', 's2631', 's1056', 's1057']	s1053	s1058	353	BubbleRegion_353	8		
NC_000962.3	3018772	3018772	0	99	s1058,s2807,s1059	['s2807']	s1058	s1059	354	BubbleRegion_354	1	sigA	Rv2703
NC_000962.3	3019986	3019986	0	569	s1059,s2441,s1060	['s2441']	s1059	s1060	355	BubbleRegion_355	1	Rv2705c	Rv2705c
NC_000962.3	3048411	3048411	0	1358	s1060,s2184,s1061	['s2184']	s1060	s1061	356	BubbleRegion_356	1	Rv2735c	Rv2735c
NC_000962.3	3053931	3053931	0	1358	s1061,s2956,s1062	['s2956']	s1061	s1062	357	BubbleRegion_357	1	PE_PGRS47	Rv2741
NC_000962.3	3075699	3077970	1	2271	s1062,s2856,s1063,s1064,s1065,s1066	['s2856', 's1063', 's1064', 's1065']	s1062	s1066	358	BubbleRegion_358	4	Rv2766c,Rv2767c,PPE43	Rv2766c,Rv2767c,Rv2768c
NC_000962.3	3084001	3084001	0	1359	s1066,s2442,s1067	['s2442']	s1066	s1067	359	BubbleRegion_359	1	Rv2776c	Rv2776c
NC_000962.3	3096626	3096761	135	1630	s1067,s2891,s2996,s2892,s2893,s1068,s1069	['s2891', 's2996', 's2892', 's2893', 's1068']	s1067	s1069	360	BubbleRegion_360	5	Rv2787	Rv2787
NC_000962.3	3112312	3112459	0	147	s1069,s1070,s1071	['s1070']	s1069	s1071	361	BubbleRegion_361	1		
NC_000962.3	3114093	3157869	37251	56073	s1071,s2924,s1072,s3059,s1073,s2967,s2237,s2238,s2239,s1074,s2722,s1075,s2632,s1076,s2154,s2155,s1077,s1078,s1079,s3011,s1080,s1081,s2486,s1082,s1083,s2670,s2829,s1084,s1085,s2695,s2696,s1867,s1868,s2671,s1869,s1870,s2365,s1086,s1087,s2561,s2562,s2839,s2840,s2841,s2842,s1088,s1089,s2463,s2685,s2830,s2686,s2687,s2464,s2465,s2697,s2466,s2799,s2800,s2467,s2468,s2688,s2469,s2563,s2579,s2580,s3112,s2581,s2582,s2595,s2596,s2831,s2869,s2843,s2597,s2598,s2599,s2470,s2471,s2879,s1090,s1091,s3012,s1092,s2981,s2240,s2633,s2634,s2635,s2636,s2637,s2638,s3076,s3077,s3078,s2639,s2640,s1093,s1094,s2185,s2186,s2187,s3060,s3061,s3062,s2188,s2402,s3025,s3013,s1095,s2299,s1096,s1097,s2366,s1098,s1099,s1100,s1101,s1102,s2790,s1103,s2546,s1104,s1105,s2261,s1106,s1107,s1108,s1109,s2341,s1110,s2280,s2281,s1111,s1112,s1113,s1871,s1872,s1873,s1874,s1875,s2218,s1876,s1877,s1878,s1879,s1880,s1881,s1882,s1883,s1884,s1885,s2443,s2029,s2189,s2672,s2190,s2191,s1886,s1887,s1980,s1114,s2600,s1115,s1116,s2300,s2990,s2301,s2472,s3063,s1117,s1118,s1119,s3087,s1120,s1121,s2415,s1122,s1123,s1124,s1125,s3042,s1126,s3129,s1127,s1128,s1129,s3130,s1130,s1131,s1132,s1133,s3015,s1134,s1135,s1136,s1137,s1138,s1139,s2601,s1140,s1141,s2886,s2392,s2393,s1142,s1143,s2367,s1144,s1145,s3113,s1146,s1147,s1148,s1149,s2342,s1150,s1151,s1152,s1153,s2602,s1154,s1155,s1156,s1157,s1158,s1159	['s2924', 's1072', 's3059', 's1073', 's2967', 's2237', 's2238', 's2239', 's1074', 's2722', 's1075', 's2632', 's1076', 's2154', 's2155', 's1077', 's1078', 's1079', 's3011', 's1080', 's1081', 's2486', 's1082', 's1083', 's2670', 's2829', 's1084', 's1085', 's2695', 's2696', 's1867', 's1868', 's2671', 's1869', 's1870', 's2365', 's1086', 's1087', 's2561', 's2562', 's2839', 's2840', 's2841', 's2842', 's1088', 's1089', 's2463', 's2685', 's2830', 's2686', 's2687', 's2464', 's2465', 's2697', 's2466', 's2799', 's2800', 's2467', 's2468', 's2688', 's2469', 's2563', 's2579', 's2580', 's3112', 's2581', 's2582', 's2595', 's2596', 's2831', 's2869', 's2843', 's2597', 's2598', 's2599', 's2470', 's2471', 's2879', 's1090', 's1091', 's3012', 's1092', 's2981', 's2240', 's2633', 's2634', 's2635', 's2636', 's2637', 's2638', 's3076', 's3077', 's3078', 's2639', 's2640', 's1093', 's1094', 's2185', 's2186', 's2187', 's3060', 's3061', 's3062', 's2188', 's2402', 's3025', 's3013', 's1095', 's2299', 's1096', 's1097', 's2366', 's1098', 's1099', 's1100', 's1101', 's1102', 's2790', 's1103', 's2546', 's1104', 's1105', 's2261', 's1106', 's1107', 's1108', 's1109', 's2341', 's1110', 's2280', 's2281', 's1111', 's1112', 's1113', 's1871', 's1872', 's1873', 's1874', 's1875', 's2218', 's1876', 's1877', 's1878', 's1879', 's1880', 's1881', 's1882', 's1883', 's1884', 's1885', 's2443', 's2029', 's2189', 's2672', 's2190', 's2191', 's1886', 's1887', 's1980', 's1114', 's2600', 's1115', 's1116', 's2300', 's2990', 's2301', 's2472', 's3063', 's1117', 's1118', 's1119', 's3087', 's1120', 's1121', 's2415', 's1122', 's1123', 's1124', 's1125', 's3042', 's1126', 's3129', 's1127', 's1128', 's1129', 's3130', 's1130', 's1131', 's1132', 's1133', 's3015', 's1134', 's1135', 's1136', 's1137', 's1138', 's1139', 's2601', 's1140', 's1141', 's2886', 's2392', 's2393', 's1142', 's1143', 's2367', 's1144', 's1145', 's3113', 's1146', 's1147', 's1148', 's1149', 's2342', 's1150', 's1151', 's1152', 's1153', 's2602', 's1154', 's1155', 's1156', 's1157', 's1158']	s1071	s1159	362	BubbleRegion_362	224	Rv2807,Rv2808,Rv2809,Rv2810c,Rv2811,Rv2812,Rv2813,Rv2814c,Rv2815c,Rv2816c,Rv2817c,Rv2818c,Rv2819c,Rv2820c,Rv2821c,Rv2822c,Rv2823c,Rv2824c,Rv2825c,Rv2826c,Rv2827c,Rv2828c,Rv2828A,vapC22,vapB22,echA16,ugpC,ugpB,ugpE,ugpA,dinF,Rv2837c,rbfA,infB,Rv2840c,nusA,Rv2842c,Rv2843,Rv2844,proS,efpA,cysG,cobB,cobO	Rv2807,Rv2808,Rv2809,Rv2810c,Rv2811,Rv2812,Rv2813,Rv2814c,Rv2815c,Rv2816c,Rv2817c,Rv2818c,Rv2819c,Rv2820c,Rv2821c,Rv2822c,Rv2823c,Rv2824c,Rv2825c,Rv2826c,Rv2827c,Rv2828c,Rv2828A,Rv2829c,Rv2830c,Rv2831,Rv2832c,Rv2833c,Rv2834c,Rv2835c,Rv2836c,Rv2837c,Rv2838c,Rv2839c,Rv2840c,Rv2841c,Rv2842c,Rv2843,Rv2844,Rv2845c,Rv2846c,Rv2847c,Rv2848c,Rv2849c
NC_000962.3	3170771	3171043	0	272	s1159,s1160,s1161	['s1160']	s1159	s1161	363	BubbleRegion_363	1	Rv2859c	Rv2859c
NC_000962.3	3171489	3171489	0	54	s1161,s2416,s1162	['s2416']	s1161	s1162	364	BubbleRegion_364	1	Rv2859c	Rv2859c
NC_000962.3	3171509	3171624	7	115	s1162,s1163,s1164,s1165,s1166	['s1163', 's1164', 's1165']	s1162	s1166	365	BubbleRegion_365	3	Rv2859c	Rv2859c
NC_000962.3	3189545	3189602	0	57	s1166,s1167,s1168	['s1167']	s1166	s1168	366	BubbleRegion_366	1	Rv2879c	Rv2879c
NC_000962.3	3189607	3189607	0	57	s1168,s1888,s1169	['s1888']	s1168	s1169	367	BubbleRegion_367	1	Rv2879c	Rv2879c
NC_000962.3	3192210	3192263	0	106	s1169,s2927,s1170,s1171	['s2927', 's1170']	s1169	s1171	368	BubbleRegion_368	2		
NC_000962.3	3192272	3192325	0	106	s1171,s1172,s1981,s1173,s1174	['s1172', 's1981', 's1173']	s1171	s1174	369	BubbleRegion_369	3		
NC_000962.3	3192353	3192353	0	53	s1174,s1889,s1175	['s1889']	s1174	s1175	370	BubbleRegion_370	1		
NC_000962.3	3194705	3194791	0	86	s1175,s1176,s1177	['s1176']	s1175	s1177	371	BubbleRegion_371	1	Rv2885c	Rv2885c
NC_000962.3	3195276	3196163	887	2245	s1177,s2131,s2132,s2816,s1178,s1179	['s2131', 's2132', 's2816', 's1178']	s1177	s1179	372	BubbleRegion_372	4	Rv2885c,Rv2886c	Rv2885c,Rv2886c
NC_000962.3	3200840	3202328	0	1488	s1179,s1180,s1181	['s1180']	s1179	s1181	373	BubbleRegion_373	1	Rv2891,PPE45	Rv2891,Rv2892c
NC_000962.3	3202954	3203134	0	180	s1181,s1182,s1183	['s1182']	s1181	s1183	374	BubbleRegion_374	1	Rv2893	Rv2893
NC_000962.3	3232668	3232668	0	56	s1183,s3093,s1184	['s3093']	s1183	s1184	375	BubbleRegion_375	1		
NC_000962.3	3232694	3232862	0	1232	s1184,s1185,s2156,s1186,s2302,s2303,s2368,s1187,s1188,s2127,s1189,s2030,s2031,s2032,s2403,s2033,s1190,s1191	['s1185', 's2156', 's1186', 's2302', 's2303', 's2368', 's1187', 's1188', 's2127', 's1189', 's2030', 's2031', 's2032', 's2403', 's2033', 's1190']	s1184	s1191	376	BubbleRegion_376	16		
NC_000962.3	3239488	3239543	0	189	s1191,s1192,s2473,s2870,s2474,s1193,s1194	['s1192', 's2473', 's2870', 's2474', 's1193']	s1191	s1194	377	BubbleRegion_377	5		
NC_000962.3	3239560	3239615	0	55	s1194,s1195,s1196	['s1195']	s1194	s1196	378	BubbleRegion_378	1		
NC_000962.3	3239625	3239783	0	158	s1196,s1197,s1198	['s1197']	s1196	s1198	379	BubbleRegion_379	1		
NC_000962.3	3251646	3252957	1130	1311	s1198,s2792,s1199,s1200	['s2792', 's1199']	s1198	s1200	380	BubbleRegion_380	2	ppsB	Rv2932
NC_000962.3	3291497	3291497	0	228	s1200,s1890,s1891,s2641,s1892,s1201	['s1890', 's1891', 's2641', 's1892']	s1200	s1201	381	BubbleRegion_381	4		
NC_000962.3	3297692	3298691	343	999	s1201,s1202,s2583,s1203,s1204,s1205	['s1202', 's2583', 's1203', 's1204']	s1201	s1205	382	BubbleRegion_382	4	pks15,fadD22	Rv2947c,Rv2948c
NC_000962.3	3302507	3302507	0	1358	s1205,s3094,s1206	['s3094']	s1205	s1206	383	BubbleRegion_383	1		
NC_000962.3	3302938	3302993	0	55	s1206,s1207,s1208	['s1207']	s1206	s1208	384	BubbleRegion_384	1		
NC_000962.3	3310452	3310452	0	1358	s1208,s2429,s1209	['s2429']	s1208	s1209	385	BubbleRegion_385	1		
NC_000962.3	3336521	3336521	0	117	s1209,s2304,s2305,s2306,s1210	['s2304', 's2305', 's2306']	s1209	s1210	386	BubbleRegion_386	3		
NC_000962.3	3336528	3336705	0	647	s1210,s1211,s1893,s2192,s1894,s1982,s1212,s2307,s1213,s1214,s2487,s1215,s1216,s1217,s1218	['s1211', 's1893', 's2192', 's1894', 's1982', 's1212', 's2307', 's1213', 's1214', 's2487', 's1215', 's1216', 's1217']	s1210	s1218	387	BubbleRegion_387	13		
NC_000962.3	3343941	3343941	0	1358	s1218,s2157,s1219	['s2157']	s1218	s1219	388	BubbleRegion_388	1		
NC_000962.3	3351160	3351160	0	56	s1219,s3005,s1220	['s3005']	s1219	s1220	389	BubbleRegion_389	1		
NC_000962.3	3351169	3351169	0	56	s1220,s2503,s1221	['s2503']	s1220	s1221	390	BubbleRegion_390	1		
NC_000962.3	3351211	3351211	0	56	s1221,s1895,s1222	['s1895']	s1221	s1222	391	BubbleRegion_391	1		
NC_000962.3	3366717	3366717	0	1359	s1222,s3101,s1223	['s3101']	s1222	s1223	392	BubbleRegion_392	1	Rv3008	Rv3008
NC_000962.3	3376440	3377648	1208	3297	s1223,s2219,s1224,s3102,s1225,s2926,s1226,s1227,s1228,s2417,s1229,s2444,s2445,s2991,s2832,s2446,s1230,s1231	['s2219', 's1224', 's3102', 's1225', 's2926', 's1226', 's1227', 's1228', 's2417', 's1229', 's2444', 's2445', 's2991', 's2832', 's2446', 's1230']	s1223	s1231	393	BubbleRegion_393	16	esxQ,PPE46	Rv3017c,Rv3018c
NC_000962.3	3378269	3380708	0	6512	s1231,s1232,s2241,s1233,s1234,s2099,s2100,s2101,s2101,s2102,s1235,s1236,s2488,s2936,s2489,s1237,s1238,s2564,s1239,s2262,s2263,s2264,s1240,s1241,s1242,s1243	['s1232', 's2241', 's1233', 's1234', 's2099', 's2100', 's2101', 's2101', 's2102', 's1235', 's1236', 's2488', 's2936', 's2489', 's1237', 's1238', 's2564', 's1239', 's2262', 's2263', 's2264', 's1240', 's1241', 's1242']	s1231	s1243	394	BubbleRegion_394	24	PE27A,esxR,esxS,PPE47,PPE48,PE29	Rv3018A,Rv3019c,Rv3020c,Rv3021c,Rv3022c,Rv3022A
NC_000962.3	3381886	3381958	0	72	s1243,s1244,s1245	['s1244']	s1243	s1245	395	BubbleRegion_395	1	Rv3023c	Rv3023c
NC_000962.3	3403272	3404591	1319	1406	s1245,s2758,s1246,s1247	['s2758', 's1246']	s1245	s1247	396	BubbleRegion_396	2	ctaD	Rv3043c
NC_000962.3	3416202	3416202	0	215	s1247,s2808,s1248	['s2808']	s1247	s1248	397	BubbleRegion_397	1	Rv3055	Rv3055
NC_000962.3	3421043	3421043	0	629	s1248,s2475,s1249	['s2475']	s1248	s1249	398	BubbleRegion_398	1		
NC_000962.3	3423249	3423249	0	68	s1249,s1896,s1250	['s1896']	s1249	s1250	399	BubbleRegion_399	1		
NC_000962.3	3425098	3425151	0	53	s1250,s1251,s1252	['s1251']	s1250	s1252	400	BubbleRegion_400	1	fadE22	Rv3061c
NC_000962.3	3440956	3440956	0	459	s1252,s2913,s1253	['s2913']	s1252	s1253	401	BubbleRegion_401	1	Rv3077	Rv3077
NC_000962.3	3448496	3451398	11	2902	s1253,s2614,s1254,s1255	['s2614', 's1254']	s1253	s1255	402	BubbleRegion_402	2	Rv3083,lipR,Rv3085	Rv3083,Rv3084,Rv3085
NC_000962.3	3479988	3480373	385	2128	s1255,s1256,s2817,s2265,s2887,s2266,s1257	['s1256', 's2817', 's2265', 's2887', 's2266']	s1255	s1257	403	BubbleRegion_403	5	Rv3113	Rv3113
NC_000962.3	3486249	3487460	1153	2569	s1257,s3048,s1258,s2723,s1259,s1260	['s3048', 's1258', 's2723', 's1259']	s1257	s1260	404	BubbleRegion_404	4	cyp141	Rv3121
NC_000962.3	3487820	3487820	0	1358	s1260,s2565,s1261	['s2565']	s1260	s1261	405	BubbleRegion_405	1		
NC_000962.3	3489631	3489631	0	1358	s1261,s2140,s1262	['s2140']	s1261	s1262	406	BubbleRegion_406	1	moaR1	Rv3124
NC_000962.3	3489915	3489915	0	1358	s1262,s2925,s1263	['s2925']	s1262	s1263	407	BubbleRegion_407	1	moaR1	Rv3124
NC_000962.3	3491116	3491679	563	1999	s1263,s2968,s1264,s1265,s3088,s2282,s2283,s2992,s1266,s1267	['s2968', 's1264', 's1265', 's3088', 's2282', 's2283', 's2992', 's1266']	s1263	s1267	408	BubbleRegion_408	8	PPE49	Rv3125c
NC_000962.3	3493527	3493909	382	1740	s1267,s2193,s1268,s2090,s2089,s1269	['s2193', 's1268', 's2090', 's2089']	s1267	s1269	409	BubbleRegion_409	4	Rv3128c	Rv3128c
NC_000962.3	3501223	3501723	0	1837	s1269,s1270,s2308,s1271,s1272,s2088,s2504,s2505,s2506,s2507,s2508,s2087,s1273,s1274,s1275	['s1270', 's2308', 's1271', 's1272', 's2088', 's2504', 's2505', 's2506', 's2507', 's2508', 's2087', 's1273', 's1274']	s1269	s1275	410	BubbleRegion_410	13	PPE50	Rv3135
NC_000962.3	3508768	3509615	0	847	s1275,s1276,s1277	['s1276']	s1275	s1277	411	BubbleRegion_411	1	fadB4,Rv3142c	Rv3141,Rv3142c
NC_000962.3	3528674	3529255	581	4085	s1277,s1897,s2509,s1898,s3089,s1899,s1278,s1279	['s1897', 's2509', 's1898', 's3089', 's1899', 's1278']	s1277	s1279	412	BubbleRegion_412	6	PPE53	Rv3159c
NC_000962.3	3544118	3544118	0	1358	s1279,s2833,s1280	['s2833']	s1279	s1280	413	BubbleRegion_413	1	Rv3175	Rv3175
NC_000962.3	3547341	3547341	0	1357	s1280,s2141,s1281	['s2141']	s1280	s1281	414	BubbleRegion_414	1		
NC_000962.3	3547758	3549199	1358	3244	s1281,s2915,s1282,s1283,s1284,s1285,s1286,s2086,s2085,s2085,s2084,s3064,s2801,s2220,s2083,s1287	['s2915', 's1282', 's1283', 's1284', 's1285', 's1286', 's2086', 's2085', 's2085', 's2084', 's3064', 's2801', 's2220', 's2083']	s1281	s1287	415	BubbleRegion_415	14	Rv3179	Rv3179
NC_000962.3	3550836	3554135	583	3299	s1287,s1288,s2510,s2511,s3035,s2343,s3014,s2344,s2982,s2345,s2346,s2347,s1289,s2724,s1290,s1900,s1901,s2242,s2243,s2243,s2244,s1291,s1292,s1293	['s1288', 's2510', 's2511', 's3035', 's2343', 's3014', 's2344', 's2982', 's2345', 's2346', 's2347', 's1289', 's2724', 's1290', 's1900', 's1901', 's2242', 's2243', 's2243', 's2244', 's1291', 's1292']	s1287	s1293	416	BubbleRegion_416	22	Rv3183,Rv3184,Rv3185,Rv3186,Rv3187	Rv3183,Rv3184,Rv3185,Rv3186,Rv3187
NC_000962.3	3555250	3555250	0	0	s1293,s1294	[]	s1293	s1294	417	BubbleRegion_417	0	Rv3189	Rv3189
NC_000962.3	3555337	3555337	0	1358	s1294,s2284,s2285,s2285,s2286,s1295	['s2284', 's2285', 's2285', 's2286']	s1294	s1295	418	BubbleRegion_418	4		
NC_000962.3	3558617	3558617	0	1358	s1295,s2418,s1296	['s2418']	s1295	s1296	419	BubbleRegion_419	1		
NC_000962.3	3594303	3594428	13	1427	s1296,s1297,s2571,s1298,s2725,s1299,s1300,s1301	['s1297', 's2571', 's1298', 's2725', 's1299', 's1300']	s1296	s1301	420	BubbleRegion_420	6		
NC_000962.3	3594458	3594458	0	56	s1301,s2194,s1302	['s2194']	s1301	s1302	421	BubbleRegion_421	1		
NC_000962.3	3663742	3663877	0	323	s1302,s1303,s1304,s3079,s1305,s1306,s1307	['s1303', 's1304', 's3079', 's1305', 's1306']	s1302	s1307	422	BubbleRegion_422	5	accE5	Rv3281
NC_000962.3	3663926	3663989	0	63	s1307,s1308,s1309	['s1308']	s1307	s1309	423	BubbleRegion_423	1	accE5	Rv3281
NC_000962.3	3674029	3674206	0	177	s1309,s1310,s1311	['s1310']	s1309	s1311	424	BubbleRegion_424	1	pcd	Rv3293
NC_000962.3	3690984	3691054	12	476	s1311,s1312,s1313,s1314,s1902,s1903,s2851,s1904,s2566,s3065,s2567,s2568,s1315	['s1312', 's1313', 's1314', 's1902', 's1903', 's2851', 's1904', 's2566', 's3065', 's2567', 's2568']	s1311	s1315	425	BubbleRegion_425	11		
NC_000962.3	3709332	3711855	1744	12277	s1315,s2369,s2673,s2370,s1316,s3006,s2726,s1317,s1318,s1905,s1906,s2267,s1907,s1908,s2957,s1909,s2969,s1910,s2195,s2196,s2197,s2245,s3046,s2246,s2287,s2476,s2642,s2268,s2269,s2142,s1911,s1912,s1913,s3131,s3080,s3081,s1914,s2103,s2104,s2937,s2590,s2330,s2221,s2222,s2331,s2332,s1915,s2970,s1916,s1917,s1918,s1319,s3066,s1320,s1321	['s2369', 's2673', 's2370', 's1316', 's3006', 's2726', 's1317', 's1318', 's1905', 's1906', 's2267', 's1907', 's1908', 's2957', 's1909', 's2969', 's1910', 's2195', 's2196', 's2197', 's2245', 's3046', 's2246', 's2287', 's2476', 's2642', 's2268', 's2269', 's2142', 's1911', 's1912', 's1913', 's3131', 's3080', 's3081', 's1914', 's2103', 's2104', 's2937', 's2590', 's2330', 's2221', 's2222', 's2331', 's2332', 's1915', 's2970', 's1916', 's1917', 's1918', 's1319', 's3066', 's1320']	s1315	s1321	426	BubbleRegion_426	53	moaX,moaC3,Rv3324A,Rv3325,Rv3326,Rv3327	Rv3323c,Rv3324c,Rv3324A,Rv3325,Rv3326,Rv3327
NC_000962.3	3715326	3715562	0	236	s1321,s1322,s1323	['s1322']	s1321	s1323	427	BubbleRegion_427	1	Rv3329	Rv3329
NC_000962.3	3722467	3723024	537	557	s1323,s2818,s1324,s1325	['s2818', 's1324']	s1323	s1325	428	BubbleRegion_428	2	Rv3335c,trpS	Rv3335c,Rv3336c
NC_000962.3	3725860	3725860	0	1358	s1325,s2591,s1326	['s2591']	s1325	s1326	429	BubbleRegion_429	1		
NC_000962.3	3730530	3735813	0	8781	s1326,s1327,s2727,s2819,s2728,s1328,s1329,s2894,s1330,s1331,s1332,s2042,s2043,s2044,s2045,s2046,s2158,s2047,s2048,s1333,s1334,s1335,s1336,s1337	['s1327', 's2727', 's2819', 's2728', 's1328', 's1329', 's2894', 's1330', 's1331', 's1332', 's2042', 's2043', 's2044', 's2045', 's2046', 's2158', 's2047', 's2048', 's1333', 's1334', 's1335', 's1336']	s1326	s1337	430	BubbleRegion_430	22	PPE54	Rv3343c
NC_000962.3	3736104	3736164	0	60	s1337,s1338,s1339	['s1338']	s1337	s1339	431	BubbleRegion_431	1	PPE54	Rv3343c
NC_000962.3	3737326	3737716	0	390	s1339,s1340,s1341,s1342,s1343	['s1340', 's1341', 's1342']	s1339	s1343	432	BubbleRegion_432	3	PE_PGRS49	Rv3344c
NC_000962.3	3738365	3757725	1465	21955	s1343,s1344,s1345,s3067,s1346,s1347,s2729,s1348,s1349,s1350,s1351,s1352,s1353,s1354,s1355,s1356,s2643,s1357,s2852,s1358,s1919,s1359,s2592,s1360,s1361,s1362,s1363,s2895,s1364,s1365,s1366,s1367,s1368,s2049,s1369,s1370,s2223,s1371,s1372,s2689,s1373,s1983,s1374,s1375,s1376,s1377,s1378,s1379,s1380,s1381,s3019,s1382,s1383,s3020,s1384,s2644,s1385,s3007,s1386,s1387,s1388,s1389,s1390,s2430,s1391,s1920,s1921,s1392,s1393,s1984,s1394,s1395,s3132,s1396,s1397,s1398	['s1344', 's1345', 's3067', 's1346', 's1347', 's2729', 's1348', 's1349', 's1350', 's1351', 's1352', 's1353', 's1354', 's1355', 's1356', 's2643', 's1357', 's2852', 's1358', 's1919', 's1359', 's2592', 's1360', 's1361', 's1362', 's1363', 's2895', 's1364', 's1365', 's1366', 's1367', 's1368', 's2049', 's1369', 's1370', 's2223', 's1371', 's1372', 's2689', 's1373', 's1983', 's1374', 's1375', 's1376', 's1377', 's1378', 's1379', 's1380', 's1381', 's3019', 's1382', 's1383', 's3020', 's1384', 's2644', 's1385', 's3007', 's1386', 's1387', 's1388', 's1389', 's1390', 's2430', 's1391', 's1920', 's1921', 's1392', 's1393', 's1984', 's1394', 's1395', 's3132', 's1396', 's1397']	s1343	s1398	433	BubbleRegion_433	74	PE_PGRS49,PE_PGRS50,Rv3346c,PPE55,Rv3348,Rv3349c,PPE56	Rv3344c,Rv3345c,Rv3346c,Rv3347c,Rv3348,Rv3349c,Rv3350c
NC_000962.3	3758204	3758503	299	317	s1398,s3133,s1399,s1400	['s3133', 's1399']	s1398	s1400	434	BubbleRegion_434	2	PPE56	Rv3350c
NC_000962.3	3759202	3764542	0	7507	s1400,s1401,s1922,s1402,s2802,s1403,s1404	['s1401', 's1922', 's1402', 's2802', 's1403']	s1400	s1404	435	BubbleRegion_435	5	PPE56	Rv3350c
NC_000962.3	3764923	3764923	0	1358	s1404,s2907,s1405	['s2907']	s1404	s1405	436	BubbleRegion_436	1	PPE56	Rv3350c
NC_000962.3	3772097	3772165	1	68	s1405,s2105,s1406,s1407	['s2105', 's1406']	s1405	s1407	437	BubbleRegion_437	2	Rv3359	Rv3359
NC_000962.3	3778875	3778958	0	83	s1407,s1408,s1409	['s1408']	s1407	s1409	438	BubbleRegion_438	1	PE_PGRS51	Rv3367
NC_000962.3	3785171	3785818	1	647	s1409,s3068,s1410,s1411	['s3068', 's1410']	s1409	s1411	439	BubbleRegion_439	2	Rv3371	Rv3371
NC_000962.3	3790907	3790907	0	1358	s1411,s3069,s1412	['s3069']	s1411	s1412	440	BubbleRegion_440	1	Rv3377c	Rv3377c
NC_000962.3	3793903	3793903	0	1358	s1412,s2547,s1413	['s2547']	s1412	s1413	441	BubbleRegion_441	1	dxs2	Rv3379c
NC_000962.3	3795057	3796903	488	2337	s1413,s2106,s2938,s2107,s1414,s1415,s1416,s1417	['s2106', 's2938', 's2107', 's1414', 's1415', 's1416']	s1413	s1417	442	BubbleRegion_442	6	Rv3380c,Rv3381c,lytB1	Rv3380c,Rv3381c,Rv3382c
NC_000962.3	3797028	3797028	0	151	s1417,s2348,s1418	['s2348']	s1417	s1418	443	BubbleRegion_443	1	lytB1	Rv3382c
NC_000962.3	3797824	3797824	0	1358	s1418,s2050,s1419	['s2050']	s1418	s1419	444	BubbleRegion_444	1	idsB	Rv3383c
NC_000962.3	3802133	3802315	128	182	s1419,s1420,s2674,s1421,s1422,s1423	['s1420', 's2674', 's1421', 's1422']	s1419	s1423	445	BubbleRegion_445	4	PE_PGRS52	Rv3388
NC_000962.3	3802594	3802702	108	117	s1423,s2309,s1424,s1425	['s2309', 's1424']	s1423	s1425	446	BubbleRegion_446	2	PE_PGRS52	Rv3388
NC_000962.3	3802723	3802936	0	213	s1425,s1426,s1427	['s1426']	s1425	s1427	447	BubbleRegion_447	1	PE_PGRS52	Rv3388
NC_000962.3	3802941	3803127	0	186	s1427,s1428,s1429	['s1428']	s1427	s1429	448	BubbleRegion_448	1	PE_PGRS52	Rv3388
NC_000962.3	3803834	3803834	0	78	s1429,s1923,s1430	['s1923']	s1429	s1430	449	BubbleRegion_449	1	PE_PGRS52	Rv3388
NC_000962.3	3820423	3820508	26	1243	s1430,s2198,s2199,s2394,s1985,s2159,s2114,s1986,s1987,s1431,s1432,s1924,s2939,s1925,s2916,s1926,s1927,s2051,s2052,s2053,s2917,s2918,s2919,s2054,s2055,s2056,s2057,s2058,s1928,s1929,s1433,s1434	['s2198', 's2199', 's2394', 's1985', 's2159', 's2114', 's1986', 's1987', 's1431', 's1432', 's1924', 's2939', 's1925', 's2916', 's1926', 's1927', 's2051', 's2052', 's2053', 's2917', 's2918', 's2919', 's2054', 's2055', 's2056', 's2057', 's2058', 's1928', 's1929', 's1433']	s1430	s1434	450	BubbleRegion_450	30		
NC_000962.3	3820532	3820589	0	57	s1434,s1435,s1436	['s1435']	s1434	s1436	451	BubbleRegion_451	1		
NC_000962.3	3841428	3841428	0	991	s1436,s2803,s1437	['s2803']	s1436	s1437	452	BubbleRegion_452	1		
NC_000962.3	3841430	3846866	510	10578	s1437,s2645,s2646,s1438,s1439,s1440,s2512,s1441,s1442,s2059,s1443,s1930,s1444,s1445	['s2645', 's2646', 's1438', 's1439', 's1440', 's2512', 's1441', 's1442', 's2059', 's1443', 's1930', 's1444']	s1437	s1445	453	BubbleRegion_453	12	Rv3424c,PPE57,PPE58,Rv3427c,Rv3428c	Rv3424c,Rv3425,Rv3426,Rv3427c,Rv3428c
NC_000962.3	3853488	3853547	0	59	s1445,s1446,s1447	['s1446']	s1445	s1447	454	BubbleRegion_454	1	Rv3434c	Rv3434c
NC_000962.3	3866185	3868230	0	2045	s1447,s1448,s1449	['s1448']	s1447	s1449	455	BubbleRegion_455	1	eccC4	Rv3447c
NC_000962.3	3880281	3880281	0	57	s1449,s1931,s1450	['s1931']	s1449	s1450	456	BubbleRegion_456	1		
NC_000962.3	3884820	3884866	46	9294	s1450,s2647,s1451,s2371,s1452,s1453	['s2647', 's1451', 's2371', 's1452']	s1450	s1453	457	BubbleRegion_457	4	Rv3467	Rv3467
NC_000962.3	3890776	3892134	0	1358	s1453,s1454,s1455	['s1454']	s1453	s1455	458	BubbleRegion_458	1	Rv3474,Rv3475	Rv3474,Rv3475
NC_000962.3	3895282	3895337	0	55	s1455,s1456,s1457	['s1456']	s1455	s1457	459	BubbleRegion_459	1	PPE60	Rv3478
NC_000962.3	3899838	3900458	620	643	s1457,s2584,s1458,s1459	['s2584', 's1458']	s1457	s1459	460	BubbleRegion_460	2	Rv3480c	Rv3480c
NC_000962.3	3904957	3906706	0	1749	s1459,s1460,s1461	['s1460']	s1459	s1461	461	BubbleRegion_461	1	Rv3485c,Rv3486,lipF	Rv3485c,Rv3486,Rv3487c
NC_000962.3	3909762	3909818	0	56	s1461,s1462,s1463	['s1462']	s1461	s1463	462	BubbleRegion_462	1		
NC_000962.3	3927266	3928588	2	1472	s1463,s1464,s1465,s1932,s1933,s1988,s1466,s3001,s1467,s1468,s1469,s1470,s2730,s1471,s1472,s1473,s1474	['s1464', 's1465', 's1932', 's1933', 's1988', 's1466', 's3001', 's1467', 's1468', 's1469', 's1470', 's2730', 's1471', 's1472', 's1473']	s1463	s1474	463	BubbleRegion_463	15	PE_PGRS53	Rv3507
NC_000962.3	3928594	3929767	804	1254	s1474,s2513,s1475,s1934,s1476,s1477,s1478,s1479,s1480,s1481	['s2513', 's1475', 's1934', 's1476', 's1477', 's1478', 's1479', 's1480']	s1474	s1481	464	BubbleRegion_464	8	PE_PGRS53	Rv3507
NC_000962.3	3930033	3930033	0	78	s1481,s3002,s1482	['s3002']	s1481	s1482	465	BubbleRegion_465	1	PE_PGRS53	Rv3507
NC_000962.3	3930040	3930565	0	876	s1482,s1483,s2372,s1484,s1485,s1486,s1487	['s1483', 's2372', 's1484', 's1485', 's1486']	s1482	s1487	466	BubbleRegion_466	5	PE_PGRS53	Rv3507
NC_000962.3	3930569	3930592	23	185	s1487,s1488,s2690,s2691,s1489	['s1488', 's2690', 's2691']	s1487	s1489	467	BubbleRegion_467	3	PE_PGRS53	Rv3507
NC_000962.3	3931376	3932843	103	1689	s1489,s2395,s1490,s1491,s1492,s1493,s2940,s1494,s1495,s1496,s1497,s1498,s2944,s1499,s2333,s2334,s2335,s3122,s1500,s1501,s1502,s1935,s1936,s1937,s1938,s1503,s2514,s1504,s1505,s1506	['s2395', 's1490', 's1491', 's1492', 's1493', 's2940', 's1494', 's1495', 's1496', 's1497', 's1498', 's2944', 's1499', 's2333', 's2334', 's2335', 's3122', 's1500', 's1501', 's1502', 's1935', 's1936', 's1937', 's1938', 's1503', 's2514', 's1504', 's1505']	s1489	s1506	468	BubbleRegion_468	28	PE_PGRS54	Rv3508
NC_000962.3	3932857	3932944	0	87	s1506,s1507,s1508	['s1507']	s1506	s1508	469	BubbleRegion_469	1	PE_PGRS54	Rv3508
NC_000962.3	3933124	3933422	13	358	s1508,s1509,s2858,s1510,s1511,s1512	['s1509', 's2858', 's1510', 's1511']	s1508	s1512	470	BubbleRegion_470	4	PE_PGRS54	Rv3508
NC_000962.3	3933474	3933675	33	201	s1512,s2902,s1513,s1514	['s2902', 's1513']	s1512	s1514	471	BubbleRegion_471	2	PE_PGRS54	Rv3508
NC_000962.3	3933791	3934734	340	991	s1514,s2859,s1515,s2648,s1516,s1517,s2060,s2515,s1518,s1519,s1520,s1939,s1521,s1522,s1523	['s2859', 's1515', 's2648', 's1516', 's1517', 's2060', 's2515', 's1518', 's1519', 's1520', 's1939', 's1521', 's1522']	s1514	s1523	472	BubbleRegion_472	13	PE_PGRS54	Rv3508
NC_000962.3	3934797	3936338	311	2240	s1523,s1524,s2516,s1525,s1526,s1527,s1528,s2731,s2896,s3082,s1529,s1530,s2517,s1531,s2270,s1532,s1533,s1534,s1535,s2061,s1536,s1537	['s1524', 's2516', 's1525', 's1526', 's1527', 's1528', 's2731', 's2896', 's3082', 's1529', 's1530', 's2517', 's1531', 's2270', 's1532', 's1533', 's1534', 's1535', 's2061', 's1536']	s1523	s1537	473	BubbleRegion_473	20	PE_PGRS54	Rv3508
NC_000962.3	3936349	3936415	66	1237	s1537,s1940,s2741,s3021,s2742,s3036,s1941,s1942,s1538,s1539	['s1940', 's2741', 's3021', 's2742', 's3036', 's1941', 's1942', 's1538']	s1537	s1539	474	BubbleRegion_474	8	PE_PGRS54	Rv3508
NC_000962.3	3936487	3936667	0	180	s1539,s1540,s1541,s1542,s1543	['s1540', 's1541', 's1542']	s1539	s1543	475	BubbleRegion_475	3	PE_PGRS54	Rv3508
NC_000962.3	3937189	3938416	1227	1243	s1543,s3049,s1544,s1545	['s3049', 's1544']	s1543	s1545	476	BubbleRegion_476	2	ilvX	Rv3509c
NC_000962.3	3940896	3941224	304	328	s1545,s3136,s1546,s1547	['s3136', 's1546']	s1545	s1547	477	BubbleRegion_477	2	PE_PGRS55	Rv3511
NC_000962.3	3941237	3941237	0	1093	s1547,s2770,s2771,s2772,s2776,s2777,s2778,s2779,s3026,s2773,s2774,s3008,s2775,s1548	['s2770', 's2771', 's2772', 's2776', 's2777', 's2778', 's2779', 's3026', 's2773', 's2774', 's3008', 's2775']	s1547	s1548	478	BubbleRegion_478	12	PE_PGRS55	Rv3511
NC_000962.3	3941290	3941343	53	734	s1548,s3083,s1549,s2490,s2675,s2903,s2676,s2677,s3070,s2678,s1550	['s3083', 's1549', 's2490', 's2675', 's2903', 's2676', 's2677', 's3070', 's2678']	s1548	s1550	479	BubbleRegion_479	9	PE_PGRS55	Rv3511
NC_000962.3	3941361	3941400	39	87	s1550,s3090,s1551,s1552	['s3090', 's1551']	s1550	s1552	480	BubbleRegion_480	2	PE_PGRS55	Rv3511
NC_000962.3	3941476	3941476	0	132	s1552,s2782,s2783,s3118,s2784,s1553	['s2782', 's2783', 's3118', 's2784']	s1552	s1553	481	BubbleRegion_481	4	PE_PGRS55	Rv3511
NC_000962.3	3941488	3942512	291	2077	s1553,s2062,s1943,s1944,s1945,s1554,s1555,s2200,s1556,s1557,s2431,s1558,s1559,s1560,s2063,s2064,s2065,s2066,s2067,s2068,s2069,s1561,s2867,s1562,s2491,s1563,s1564,s1565,s1566,s1567	['s2062', 's1943', 's1944', 's1945', 's1554', 's1555', 's2200', 's1556', 's1557', 's2431', 's1558', 's1559', 's1560', 's2063', 's2064', 's2065', 's2066', 's2067', 's2068', 's2069', 's1561', 's2867', 's1562', 's2491', 's1563', 's1564', 's1565', 's1566']	s1553	s1567	482	BubbleRegion_482	28	PE_PGRS55,PE_PGRS56	Rv3511,Rv3512
NC_000962.3	3942715	3942811	0	96	s1567,s1568,s1569	['s1568']	s1567	s1569	483	BubbleRegion_483	1	PE_PGRS56	Rv3512
NC_000962.3	3943003	3944448	29	1712	s1569,s1570,s1571,s2914,s1572,s1573,s1574,s1946,s1947,s1575,s1576,s3108,s1577,s1578,s2983,s1579,s2897,s1580,s1581,s1582,s1583,s2844,s1584,s1585,s1586,s1587,s1588,s1589,s1590	['s1570', 's1571', 's2914', 's1572', 's1573', 's1574', 's1946', 's1947', 's1575', 's1576', 's3108', 's1577', 's1578', 's2983', 's1579', 's2897', 's1580', 's1581', 's1582', 's1583', 's2844', 's1584', 's1585', 's1586', 's1587', 's1588', 's1589']	s1569	s1590	484	BubbleRegion_484	27	PE_PGRS56	Rv3512
NC_000962.3	3944498	3945097	386	992	s1590,s2336,s1591,s2997,s1592,s1593,s1594,s1595,s1596	['s2336', 's1591', 's2997', 's1592', 's1593', 's1594', 's1595']	s1590	s1596	485	BubbleRegion_485	7	PE_PGRS56,fadD18	Rv3512,Rv3513c
NC_000962.3	3945117	3950849	0	9190	s1596,s1597,s1598,s2593,s1599,s2070,s1600,s1601,s1602,s1948,s1603,s2518,s2519,s2538,s2941,s2942,s2943,s2539,s2984,s2540,s2520,s2419,s2420,s1604,s1605,s1606,s1607,s3105,s1608,s1609,s2071,s2072,s2115,s2373,s3039,s2116,s2743,s2117,s2118,s2128,s2119,s2073,s2129,s2074,s1610,s1611,s1612,s3037,s2569,s2201,s2202,s2203,s3040,s3123,s3041,s1613,s1614,s2120,s2820,s2821,s2121,s2122,s2123,s2447,s1615,s1616,s2679,s1617,s1618,s2288,s2791,s2289,s1619,s1620,s1949,s1621,s2075,s1622,s2204,s1623,s1624,s1625,s2271,s2272,s2971,s2972,s2973,s1626,s1627,s1628,s1629,s1630,s1631,s1632,s1633,s3009,s1634,s2748,s2749,s2974,s2975,s3084,s2976,s2750,s1635,s1636,s1637,s1638,s1639,s1640,s1641,s2374,s1642,s3119,s1643,s1644,s1645	['s1597', 's1598', 's2593', 's1599', 's2070', 's1600', 's1601', 's1602', 's1948', 's1603', 's2518', 's2519', 's2538', 's2941', 's2942', 's2943', 's2539', 's2984', 's2540', 's2520', 's2419', 's2420', 's1604', 's1605', 's1606', 's1607', 's3105', 's1608', 's1609', 's2071', 's2072', 's2115', 's2373', 's3039', 's2116', 's2743', 's2117', 's2118', 's2128', 's2119', 's2073', 's2129', 's2074', 's1610', 's1611', 's1612', 's3037', 's2569', 's2201', 's2202', 's2203', 's3040', 's3123', 's3041', 's1613', 's1614', 's2120', 's2820', 's2821', 's2121', 's2122', 's2123', 's2447', 's1615', 's1616', 's2679', 's1617', 's1618', 's2288', 's2791', 's2289', 's1619', 's1620', 's1949', 's1621', 's2075', 's1622', 's2204', 's1623', 's1624', 's1625', 's2271', 's2272', 's2971', 's2972', 's2973', 's1626', 's1627', 's1628', 's1629', 's1630', 's1631', 's1632', 's1633', 's3009', 's1634', 's2748', 's2749', 's2974', 's2975', 's3084', 's2976', 's2750', 's1635', 's1636', 's1637', 's1638', 's1639', 's1640', 's1641', 's2374', 's1642', 's3119', 's1643', 's1644']	s1596	s1645	486	BubbleRegion_486	115	fadD18,PE_PGRS57,fadD19	Rv3513c,Rv3514,Rv3515c
NC_000962.3	3952927	3954225	0	1298	s1645,s1646,s1647	['s1646']	s1645	s1647	487	BubbleRegion_487	1	echA19,Rv3517	Rv3516,Rv3517
NC_000962.3	3971589	3971589	0	90	s1647,s2649,s1648	['s2649']	s1647	s1648	488	BubbleRegion_488	1	PPE62	Rv3533c
NC_000962.3	3998564	3998624	0	60	s1648,s1649,s1650	['s1649']	s1648	s1650	489	BubbleRegion_489	1	PPE64	Rv3558
NC_000962.3	3998974	3999268	0	294	s1650,s1651,s1652	['s1651']	s1650	s1652	490	BubbleRegion_490	1	PPE64	Rv3558
NC_000962.3	4018093	4018683	590	738	s1652,s2448,s1653,s1654	['s2448', 's1653']	s1652	s1654	491	BubbleRegion_491	2	Rv3575c,lppH	Rv3575c,Rv3576
NC_000962.3	4021405	4021470	0	65	s1654,s1655,s1656	['s1655']	s1654	s1656	492	BubbleRegion_492	1	Rv3579c	Rv3579c
NC_000962.3	4026828	4026956	0	128	s1656,s1657,s1658	['s1657']	s1656	s1658	493	BubbleRegion_493	1	radA	Rv3585
NC_000962.3	4031610	4031682	0	72	s1658,s1659,s1660	['s1659']	s1658	s1660	494	BubbleRegion_494	1	PE_PGRS58	Rv3590c
NC_000962.3	4032548	4032626	0	78	s1660,s1661,s1662	['s1661']	s1660	s1662	495	BubbleRegion_495	1	PE_PGRS58	Rv3590c
NC_000962.3	4052987	4053320	0	888	s1662,s2432,s2948,s2433,s2434,s1663,s1664,s2076,s1665,s1666	['s2432', 's2948', 's2433', 's2434', 's1663', 's1664', 's2076', 's1665']	s1662	s1666	496	BubbleRegion_496	8	Rv3611	Rv3611
NC_000962.3	4053542	4053542	0	111	s1666,s1950,s1667	['s1950']	s1666	s1667	497	BubbleRegion_497	1	Rv3611,Rv3612c	Rv3611,Rv3612c
NC_000962.3	4056839	4062733	0	5894	s1667,s1668,s1669,s1670,s1671	['s1668', 's1669', 's1670']	s1667	s1671	498	BubbleRegion_498	3	ephA,Rv3618,esxV,esxW,PPE65,PE32,lpqG	Rv3617,Rv3618,Rv3619c,Rv3620c,Rv3621c,Rv3622c,Rv3623
NC_000962.3	4075611	4077858	1355	3605	s1671,s2822,s2449,s1672,s1673,s2273,s1674	['s2822', 's2449', 's1672', 's1673', 's2273']	s1671	s1674	499	BubbleRegion_499	5	Rv3636,Rv3637,Rv3638	Rv3636,Rv3637,Rv3638
NC_000962.3	4087492	4087549	0	114	s1674,s1675,s2909,s1676,s1677	['s1675', 's2909', 's1676']	s1674	s1677	500	BubbleRegion_500	3		
NC_000962.3	4087991	4088755	764	835	s1677,s2130,s1678,s1679	['s2130', 's1678']	s1677	s1679	501	BubbleRegion_501	2	Rv3647c,cspA	Rv3647c,Rv3648c
NC_000962.3	4092080	4092922	0	842	s1679,s1680,s1681	['s1680']	s1679	s1681	502	BubbleRegion_502	1	Rv3651	Rv3651
NC_000962.3	4093001	4093001	0	1358	s1681,s2680,s1682	['s2680']	s1681	s1682	503	BubbleRegion_503	1		
NC_000962.3	4094346	4094346	0	126	s1682,s1951,s1683	['s1951']	s1682	s1683	504	BubbleRegion_504	1	PE_PGRS61	Rv3653
NC_000962.3	4094834	4094888	0	54	s1683,s1684,s1685	['s1684']	s1683	s1685	505	BubbleRegion_505	1	Rv3654c	Rv3654c
NC_000962.3	4120934	4120991	0	456	s1685,s1686,s2146,s1687,s2077,s2078,s1688,s1689,s1690	['s1686', 's2146', 's1687', 's2077', 's2078', 's1688', 's1689']	s1685	s1690	506	BubbleRegion_506	7	Rv3680	Rv3680
NC_000962.3	4121050	4121050	0	114	s1690,s1952,s1691	['s1952']	s1690	s1691	507	BubbleRegion_507	1		
NC_000962.3	4155484	4155574	33	1230	s1691,s2290,s2291,s2855,s1692,s1693,s1953,s1954,s1955,s1956,s1957,s1958,s1694	['s2290', 's2291', 's2855', 's1692', 's1693', 's1953', 's1954', 's1955', 's1956', 's1957', 's1958']	s1691	s1694	508	BubbleRegion_508	11	leuA	Rv3710
NC_000962.3	4156798	4156934	18	254	s1694,s1695,s1696,s2205,s2206,s1697,s1698,s1699	['s1695', 's1696', 's2205', 's2206', 's1697', 's1698']	s1694	s1699	509	BubbleRegion_509	6		
NC_000962.3	4185789	4185978	189	1547	s1699,s2908,s2650,s1700,s1701	['s2908', 's2650', 's1700']	s1699	s1701	510	BubbleRegion_510	3	tgs2	Rv3734c
NC_000962.3	4188883	4190366	373	1483	s1701,s2995,s1702,s1703,s1704	['s2995', 's1702', 's1703']	s1701	s1704	511	BubbleRegion_511	3	Rv3737,PPE66,PPE67	Rv3737,Rv3738c,Rv3739c
NC_000962.3	4195047	4195107	0	60	s1704,s1705,s1706	['s1705']	s1704	s1706	512	BubbleRegion_512	1	ctpJ	Rv3743c
NC_000962.3	4198430	4198430	0	1358	s1706,s2698,s1707	['s2698']	s1706	s1707	513	BubbleRegion_513	1	Rv3750c	Rv3750c
NC_000962.3	4205044	4205044	0	1358	s1707,s3027,s1708	['s3027']	s1707	s1708	514	BubbleRegion_514	1	proX	Rv3759c
NC_000962.3	4208633	4209389	1	756	s1708,s2732,s1709,s1710	['s2732', 's1709']	s1708	s1710	515	BubbleRegion_515	2	Rv3762c,lpqH	Rv3762c,Rv3763
NC_000962.3	4212831	4212920	89	1447	s1710,s3134,s1711,s2292,s1712	['s3134', 's1711', 's2292']	s1710	s1712	516	BubbleRegion_516	3	Rv3766	Rv3766
NC_000962.3	4231861	4231950	0	89	s1712,s1713,s1714	['s1713']	s1712	s1714	517	BubbleRegion_517	1	Rv3785	Rv3785
NC_000962.3	4252880	4252880	0	1358	s1714,s2375,s1715	['s2375']	s1714	s1715	518	BubbleRegion_518	1		
NC_000962.3	4259330	4259420	0	90	s1715,s1716,s1717	['s1716']	s1715	s1717	519	BubbleRegion_519	1	pks13	Rv3800c
NC_000962.3	4284002	4284002	0	276	s1717,s2809,s1718	['s2809']	s1717	s1718	520	BubbleRegion_520	1	Rv3819	Rv3819
NC_000962.3	4294327	4298694	0	4367	s1718,s1719,s1720	['s1719']	s1718	s1720	521	BubbleRegion_521	1	pks2	Rv3825c
NC_000962.3	4310234	4310234	0	294	s1720,s2810,s1721	['s2810']	s1720	s1721	522	BubbleRegion_522	1	Rv3835	Rv3835
NC_000962.3	4310774	4311653	0	879	s1721,s1722,s1723	['s1722']	s1721	s1723	523	BubbleRegion_523	1	Rv3836,Rv3837c	Rv3836,Rv3837c
NC_000962.3	4317964	4317964	0	1359	s1723,s3114,s1724	['s3114']	s1723	s1724	524	BubbleRegion_524	1		
NC_000962.3	4320150	4320150	0	1358	s1724,s2207,s1725	['s2207']	s1724	s1725	525	BubbleRegion_525	1		
NC_000962.3	4338175	4338175	0	148	s1725,s2681,s1726	['s2681']	s1725	s1726	526	BubbleRegion_526	1	Rv3861,whiB6	Rv3861,Rv3862c
NC_000962.3	4340252	4340252	0	184	s1726,s3137,s1727	['s3137']	s1726	s1727	527	BubbleRegion_527	1		
NC_000962.3	4348761	4348814	0	106	s1727,s1728,s2153,s1729,s1730	['s1728', 's2153', 's1729']	s1727	s1730	528	BubbleRegion_528	3		
NC_000962.3	4348821	4348821	0	53	s1730,s1959,s1731	['s1959']	s1730	s1731	529	BubbleRegion_529	1		
NC_000962.3	4353294	4353345	0	51	s1731,s1732,s1733	['s1732']	s1731	s1733	530	BubbleRegion_530	1	espI	Rv3876
NC_000962.3	4353365	4353365	0	51	s1733,s2208,s1734	['s2208']	s1733	s1734	531	BubbleRegion_531	1	espI	Rv3876
NC_000962.3	4358959	4359040	0	81	s1734,s1735,s1736	['s1735']	s1734	s1736	532	BubbleRegion_532	1	espK	Rv3879c
NC_000962.3	4370835	4372399	1	1564	s1736,s2845,s1737,s1738,s1739,s1740,s1741,s1742	['s2845', 's1737', 's1738', 's1739', 's1740', 's1741']	s1736	s1742	533	BubbleRegion_533	6	eccD2,Rv3888c	Rv3887c,Rv3888c
NC_000962.3	4375625	4375708	0	83	s1742,s1743,s1744	['s1743']	s1742	s1744	534	BubbleRegion_534	1	PPE69	Rv3892c
NC_000962.3	4386283	4386283	0	944	s1744,s1989,s1745	['s1989']	s1744	s1745	535	BubbleRegion_535	1	Rv3900c	Rv3900c
