count	mean	std	min	25%	50%	75%	max	TotalLength	SeqLength_UnqToRv	SeqLength_UnqToGraph	Overlap_Genes	NA
1.0	1.0		1.0	1.0	1.0	1.0	1.0	1358	0.0	0.0	Rv0063	2
22.0	0.7393944600845258	0.42380335228080873	0.0	0.6017596281540505	0.9996234939759037	1.0	1.0	12518	0.0	0.0	Rv0795,Rv0796,Rv0797	10
5.0	0.44305555555555554	0.49360298248793805	0.0	0.0	0.2777777777777778	0.9375	1.0	1488	0.0	0.0		4
4.0	0.2534079844206426	0.49776949265446513	0.0	0.0	0.00681596884128525	0.2602239532619279	1.0	2210	1095.0	2152.0	Rv0823c,desA1	3
15.0	0.21891114587503058	0.3765943895605902	0.0	0.0	0.0	0.25925925925925924	1.0	2714	0.0	525.0	PE_PGRS13	9
1.0	0.0		0.0	0.0	0.0	0.0	0.0	54	0.0	54.0	PE_PGRS13	2
1.0	0.0		0.0	0.0	0.0	0.0	0.0	63	0.0	63.0	PE_PGRS14	2
6.0	0.504439001688319	0.42475036488032236	0.0	0.12688984881209503	0.5869031233168853	0.8061825354684555	1.0	5770	0.0	2307.0	lpqQ,Rv0836c,Rv0837c	4
3.0	0.32619195046439625	0.5489724476745989	0.0	0.0092879256965944	0.0185758513931888	0.4892879256965944	0.96	3394	0.0	3339.0	Rv0839,pip,Rv0841,Rv0842	3
1.0	0.0		0.0	0.0	0.0	0.0	0.0	2830	0.0	2830.0	cysK2,Rv0849,Rv0850,Rv0851c	2
9.0	0.38155136268343814	0.4845217055789034	0.0	0.0	0.0	1.0	1.0	319	0.0	0.0		8
1.0	0.0		0.0	0.0	0.0	0.0	0.0	904	0.0	904.0	Rv0064	2
1.0	0.4047619047619047		0.4047619047619047	0.4047619047619047	0.4047619047619047	0.4047619047619047	0.4047619047619047	72	0.0	0.0	rpfA	2
9.0	0.36435533277638543	0.3912353872121927	0.0	0.0	0.125	0.7	1.0	530	0.0	0.0	rpfA	3
1.0	0.0		0.0	0.0	0.0	0.0	0.0	66	0.0	66.0	PE_PGRS15	2
1.0	0.999247554552295		0.999247554552295	0.999247554552295	0.999247554552295	0.999247554552295	0.999247554552295	1359	0.0	0.0		2
5.0	0.6	0.5477225575051662	0.0	0.0	1.0	1.0	1.0	2645	0.0	68.0		4
1.0	0.9977409638554215		0.9977409638554215	0.9977409638554215	0.9977409638554215	0.9977409638554215	0.9977409638554215	1358	0.0	0.0	Rv0942	2
2.0	0.512817578393225	0.6889799879860684	0.0256351567864499	0.2692263675898374	0.512817578393225	0.7564087891966125	1.0	4541	4399.0	4399.0	Rv0943c,Rv0944	2
6.0	0.748169094314516	0.39480486745477866	0.0	0.687217358139457	0.9504859746528281	0.9790575916230366	1.0	5532	0.0	0.0	Rv0961,lprP	4
1.0	1.0		1.0	1.0	1.0	1.0	1.0	1358	0.0	0.0		2
5.0	0.5917942176870749	0.5403438287131632	0.0	0.0	0.9693877551020408	0.9895833333333334	1.0	1612	0.0	0.0	Rv0963c	3
10.0	0.28982675257285745	0.45745938512431866	0.0	0.0	0.001582904629996	0.6490595712089056	1.0	11784	0.0	8569.0	glyA2,Rv0071,Rv0072,Rv0073,Rv0074,Rv0075,Rv0076c,Rv0077c,Rv0078,Rv0078A	6
2.0	0.0	0.0	0.0	0.0	0.0	0.0	0.0	1381	700.0	1381.0	Rv0968,ctpV	2
1.0	0.0		0.0	0.0	0.0	0.0	0.0	57	0.0	57.0	PE_PGRS16	2
8.0	0.24768782326641534	0.4161665452170643	0.0	0.0	0.0	0.32436223371613915	1.0	1320	0.0	383.0	PE_PGRS16	5
4.0	0.7272727272727273	0.48673873952148516	0.0	0.6818181818181819	0.9545454545454546	1.0	1.0	283	102.0	0.0	PE_PGRS17	3
1.0	1.0		1.0	1.0	1.0	1.0	1.0	93	0.0	0.0	PE_PGRS18	2
3.0	1.0	0.0	1.0	1.0	1.0	1.0	1.0	357	127.0	0.0	PE_PGRS18	2
3.0	0.5897406296253004	0.5229494549982235	0.0	0.3861124459394522	0.7722248918789044	0.8846109444379506	0.996996996996997	3477	0.0	0.0		3
1.0	0.9		0.9	0.9	0.9	0.9	0.9	670	0.0	0.0	kdpE	2
1.0	0.9992469879518072		0.9992469879518072	0.9992469879518072	0.9992469879518072	0.9992469879518072	0.9992469879518072	1358	0.0	0.0	Rv1052,Rv1053c	2
48.0	0.7731187411402388	0.38925522448607386	0.0	0.7762980728772195	1.0	1.0	1.0	67323	1697.0	2283.0	fadD14,Rv1059,Rv1060,Rv1061,Rv1062,Rv1063c,lpqV,Rv1065,Rv1066,PE_PGRS19,PE_PGRS20,Rv1069c,echA8,echA9,Rv1072,Rv1073,fadA3,Rv1075c,lipU,cbs,pra,metB,greA,Rv1081c,mca,Rv1083,Rv1084,Rv1085c,Rv1086,PE_PGRS21,Rv1087A,PE9,PE10	25
1.0	0.0		0.0	0.0	0.0	0.0	0.0	120	0.0	120.0	hycD	2
11.0	0.3730222548811772	0.451714160350226	0.0	0.0	0.0155642023346303	0.8183760683760684	1.0	2489	0.0	1210.0	PE_PGRS22	6
1.0	1.0		1.0	1.0	1.0	1.0	1.0	1358	0.0	0.0	PPE16	2
1.0	0.999247554552295		0.999247554552295	0.999247554552295	0.999247554552295	0.999247554552295	0.999247554552295	1359	0.0	0.0	Rv1137c	2
1.0	0.0		0.0	0.0	0.0	0.0	0.0	58	0.0	58.0		2
1.0	0.0		0.0	0.0	0.0	0.0	0.0	69	0.0	69.0	Rv1157c	2
1.0	0.1111111111111111		0.1111111111111111	0.1111111111111111	0.1111111111111111	0.1111111111111111	0.1111111111111111	102	0.0	0.0	Rv1158c	2
1.0	1.0		1.0	1.0	1.0	1.0	1.0	1357	0.0	0.0		2
3.0	0.65625	0.5685439187081329	0.0	0.484375	0.96875	0.984375	1.0	124	0.0	0.0		3
4.0	0.28985507246376807	0.4793575480736588	0.0	0.0	0.0797101449275362	0.3695652173913043	1.0	312	0.0	89.0	Rv1179c	4
1.0	0.0		0.0	0.0	0.0	0.0	0.0	813	0.0	813.0	Rv1188,sigI	2
1.0	0.9888402625820568		0.9888402625820568	0.9888402625820568	0.9888402625820568	0.9888402625820568	0.9888402625820568	9248	0.0	0.0	Rv0094c	2
2.0	0.39709443099273606	0.5615763298527544	0.0	0.19854721549636803	0.39709443099273606	0.5956416464891041	0.7941888619854721	1682	826.0	826.0	esxL,Rv1199c	2
4.0	0.6478387219521775	0.4722517091599285	0.0	0.4452284946236559	0.795677443904355	0.9982876712328768	1.0	4526	0.0	0.0	glgA,glgC	3
1.0	0.0		0.0	0.0	0.0	0.0	0.0	349	0.0	349.0	Rv1218c	2
1.0	0.0133333333333333		0.0133333333333333	0.0133333333333333	0.0133333333333333	0.0133333333333333	0.0133333333333333	105	0.0	105.0	PE_PGRS23	2
3.0	0.3974358974358974	0.5306205663224328	0.0	0.09615384615384615	0.1923076923076923	0.5961538461538461	1.0	112	0.0	0.0	Rv1248c	3
1.0	0.0		0.0	0.0	0.0	0.0	0.0	2358	0.0	2358.0	Rv1251c	2
1.0	0.0		0.0	0.0	0.0	0.0	0.0	76	0.0	76.0	deaD	2
1.0	0.0		0.0	0.0	0.0	0.0	0.0	98	0.0	98.0	Rv1255c,cyp130	2
1.0	0.0		0.0	0.0	0.0	0.0	0.0	126	0.0	126.0	cyp130	2
5.0	0.5799786983195014	0.41515379667047314	0.1399678234888531	0.1507692307692307	0.6736725663716814	0.935483870967742	1.0	7125	0.0	0.0	Rv1265,pknH,embR	4
1.0	0.0		0.0	0.0	0.0	0.0	0.0	81	0.0	81.0	PE_PGRS1	2
1.0	0.0		0.0	0.0	0.0	0.0	0.0	1747	0.0	1747.0	Rv1268c,Rv1269c,lprA	2
1.0	0.6991869918699187		0.6991869918699187	0.6991869918699187	0.6991869918699187	0.6991869918699187	0.6991869918699187	153	0.0	0.0	Rv1288	2
1.0	0.9230769230769232		0.9230769230769232	0.9230769230769232	0.9230769230769232	0.9230769230769232	0.9230769230769232	56	0.0	0.0	Rv1290c	2
7.0	0.3533834586466166	0.474379884583833	0.0	0.0	0.0	0.7368421052631579	1.0	253	0.0	0.0		5
1.0	1.0		1.0	1.0	1.0	1.0	1.0	57	0.0	0.0		2
1.0	0.0		0.0	0.0	0.0	0.0	0.0	135	0.0	135.0	rho	2
1.0	0.9984939759036144		0.9984939759036144	0.9984939759036144	0.9984939759036144	0.9984939759036144	0.9984939759036144	1358	0.0	0.0		2
8.0	0.6660153241952873	0.4545563883493277	0.0	0.31976744186046513	0.9508830022075057	1.0	1.0	3389	876.0	303.0	Rv1319c	5
7.0	0.7084983788429235	0.39766906602990537	0.0	0.4797443259502324	1.0	1.0	1.0	3267	0.0	0.0	Rv1319c	4
3.0	0.0	0.0	0.0	0.0	0.0	0.0	0.0	2172	0.0	2172.0	Rv1333,mec,cysO,cysM	3
1.0	0.0		0.0	0.0	0.0	0.0	0.0	932	0.0	932.0	gmhA,gmhB	2
3.0	0.33308251818409834	0.5769158446078427	0.0	0.0	0.0	0.4996237772761475	0.999247554552295	6111	0.0	4752.0	Rv1353c,Rv1354c,moeY,Rv1356c	3
6.0	0.5969770350825759	0.48862661947653896	0.0	0.14744444444444443	0.7909311052477279	0.9980211081794195	1.0	6800	0.0	2237.0	Rv1358	4
3.0	0.3333333333333333	0.5773502691896258	0.0	0.0	0.0	0.5	1.0	1391	0.0	33.0		3
1.0	1.0		1.0	1.0	1.0	1.0	1.0	1358	0.0	0.0	Rv1360	2
1.0	1.0		1.0	1.0	1.0	1.0	1.0	1358	0.0	0.0		2
15.0	0.7395273048179921	0.4085468872576135	0.0	0.5865763245268071	0.9940476190476192	1.0	1.0	8530	0.0	0.0	Rv1369c,Rv1370c,Rv1371	7
2.0	0.0	0.0	0.0	0.0	0.0	0.0	0.0	1057	579.0	1057.0	Rv1393c,cyp132	2
1.0	0.0		0.0	0.0	0.0	0.0	0.0	105	0.0	105.0	PE_PGRS25	2
2.0	0.5066658586837959	0.6594578452588151	0.0403587443946188	0.27351230153920736	0.506665858683796	0.7398194158283845	0.972972972972973	989	0.0	922.0	Rv1431,Rv1432	2
9.0	0.1654320987654321	0.35226097072369356	0.0	0.0	0.0	0.0	1.0	491	0.0	359.0	PE_PGRS26	6
10.0	0.19503699030997565	0.4052561258917301	0.0	0.0	0.0	0.017091152815013402	0.9733333333333334	2104	363.0	1737.0	PE_PGRS2	6
1.0	0.0		0.0	0.0	0.0	0.0	0.0	273	0.0	273.0	PE_PGRS26	2
1.0	0.9984939759036144		0.9984939759036144	0.9984939759036144	0.9984939759036144	0.9984939759036144	0.9984939759036144	1358	0.0	0.0		2
1.0	1.0		1.0	1.0	1.0	1.0	1.0	423	0.0	0.0	PE_PGRS27	2
3.0	0.0	0.0	0.0	0.0	0.0	0.0	0.0	120	0.0	66.0	PE_PGRS27	3
1.0	0.0		0.0	0.0	0.0	0.0	0.0	474	0.0	474.0	PE_PGRS27	2
1.0	0.672316384180791		0.672316384180791	0.672316384180791	0.672316384180791	0.672316384180791	0.672316384180791	207	0.0	0.0	PE_PGRS27	2
1.0	1.0		1.0	1.0	1.0	1.0	1.0	72	0.0	0.0	PE_PGRS27	2
1.0	1.0		1.0	1.0	1.0	1.0	1.0	116	0.0	0.0	PE_PGRS27	2
10.0	0.19518324259726463	0.34645158927267833	0.0	0.0	0.0	0.3088235294117647	1.0	3877	241.0	88.0	PE_PGRS28	6
1.0	0.5217391304347826		0.5217391304347826	0.5217391304347826	0.5217391304347826	0.5217391304347826	0.5217391304347826	53	0.0	0.0	Rv1458c	2
2.0	0.7391304347826086	0.3689252771408074	0.4782608695652174	0.6086956521739131	0.7391304347826086	0.8695652173913043	1.0	106	0.0	0.0	mak	3
1.0	0.6521739130434783		0.6521739130434783	0.6521739130434783	0.6521739130434783	0.6521739130434783	0.6521739130434783	53	0.0	0.0		2
1.0	0.8260869565217391		0.8260869565217391	0.8260869565217391	0.8260869565217391	0.8260869565217391	0.8260869565217391	53	0.0	0.0		2
1.0	1.0		1.0	1.0	1.0	1.0	1.0	120	0.0	0.0	fadE15	2
3.0	0.3328313253012048	0.5764807657721716	0.0	0.0	0.0	0.4992469879518072	0.9984939759036144	4543	0.0	3185.0	PE_PGRS29,ctpD,trxA,trxB1	3
4.0	0.7212098826233276	0.48329583202817394	0.0	0.6693548387096774	0.9424197652466552	0.9942748091603053	1.0	3038	0.0	0.0	Rv1503c,Rv1504c	3
1.0	1.0		1.0	1.0	1.0	1.0	1.0	1358	0.0	0.0		2
10.0	0.8392819038713533	0.3098496316342444	0.0	0.8250821593032195	0.9819092612988619	1.0	1.0	5766	0.0	0.0	Rv1505c,Rv1506c	5
1.0	0.0		0.0	0.0	0.0	0.0	0.0	1391	0.0	1391.0	Rv1507c,Rv1507A,Rv1508c	2
1.0	0.0		0.0	0.0	0.0	0.0	0.0	790	0.0	790.0	Rv1519,Rv1520	2
1.0	1.0		1.0	1.0	1.0	1.0	1.0	1358	0.0	0.0	fadD25	2
11.0	0.278590335361719	0.4427218132888394	0.0	0.0	0.0	0.5322468444894546	1.0	15062	236.0	2531.0	Rv0145,Rv0146,Rv0147,Rv0148,Rv0149,Rv0150c,PE1,PE2	6
14.0	0.5200717544892925	0.4408051412780879	0.0	0.0	0.5997675827413689	0.9828396207164811	1.0	15298	0.0	3805.0	mmpL12,Rv1523,Rv1524,wbbL2,Rv1526c	8
1.0	1.0		1.0	1.0	1.0	1.0	1.0	1358	0.0	0.0	pks5	2
1.0	0.0		0.0	0.0	0.0	0.0	0.0	208	0.0	208.0	Rv1544	2
3.0	0.3333333333333333	0.5773502691896258	0.0	0.0	0.0	0.5	1.0	3511	2153.0	2153.0	mmpL6	3
3.0	0.9984433709071391	0.0026961606773750887	0.995330112721417	0.9976650563607086	1.0	1.0	1.0	9247	0.0	0.0	Rv1572c,Rv1573,Rv1574,Rv1575,Rv1576c,Rv1577c,Rv1578c,Rv1579c,Rv1580c,Rv1581c,Rv1582c,Rv1583c,Rv1584c,Rv1585c,Rv1586c,Rv1587c	3
2.0	0.0	0.0	0.0	0.0	0.0	0.0	0.0	1377	712.0	1377.0	hisH,hisA	2
1.0	0.5375		0.5375	0.5375	0.5375	0.5375	0.5375	110	0.0	0.0	trpE	2
2.0	0.0040840140023337	0.005775667991021943	0.0	0.00204200700116685	0.0040840140023337	0.006126021003500549	0.0081680280046674	1683	934.0	1683.0	trpA,lgt	2
1.0	1.0		1.0	1.0	1.0	1.0	1.0	57	0.0	0.0	Rv1637c	2
2.0	0.7368421052631579	0.3721614637823935	0.4736842105263157	0.6052631578947367	0.7368421052631579	0.868421052631579	1.0	171	0.0	0.0	Rv1637c	3
6.0	0.4613316790736146	0.5095015030931082	0.0	0.0	0.4032258064516129	0.9227667493796526	1.0	1480	0.0	0.0		1
1.0	0.8589743589743589		0.8589743589743589	0.8589743589743589	0.8589743589743589	0.8589743589743589	0.8589743589743589	186	0.0	0.0	PE4	2
1.0	0.0		0.0	0.0	0.0	0.0	0.0	174	0.0	174.0	Rv1647	2
1.0	0.0		0.0	0.0	0.0	0.0	0.0	150	0.0	150.0	PE_PGRS30	2
8.0	0.39472048893801115	0.44704530806036435	0.0	0.0055577223088923	0.23485130038034835	0.7760723996297582	0.9992469879518072	18373	0.0	4228.0	pks7,pks8,pks17	5
5.0	0.5473544806044489	0.5102019557098658	0.0	0.0	0.743847874720358	0.9929245283018868	1.0	3635	0.0	0.0	pks9	3
14.0	0.6035907366603821	0.48655715641597325	0.0	0.0	0.9882930513595166	1.0	1.0	8989	0.0	5839.0	pks9,pks11,cyp139,Rv1667c,Rv1668c	10
4.0	0.6897066101095793	0.47231606993027025	0.0	0.5752173913043478	0.8794132202191587	0.9939024390243902	1.0	3512	0.0	0.0	Rv1669	3
1.0	0.2634364820846905		0.2634364820846905	0.2634364820846905	0.2634364820846905	0.2634364820846905	0.2634364820846905	2486	0.0	0.0	Rv1671,Rv1672c,Rv1673c,Rv1674c	2
2.0	0.42565273463800646	0.4295988974071877	0.1218804410911201	0.2737665878645633	0.42565273463800646	0.5775388814114497	0.7294250281848929	2670	0.0	0.0	Rv1674c,cmr,Rv1676	2
1.0	0.9992469879518072		0.9992469879518072	0.9992469879518072	0.9992469879518072	0.9992469879518072	0.9992469879518072	1358	0.0	0.0		2
6.0	0.4991883116883116	0.5468362890787937	0.0	0.0	0.497564935064935	0.9987824675324675	1.0	2647	0.0	0.0	Rv1682	4
1.0	0.1851851851851851		0.1851851851851851	0.1851851851851851	0.1851851851851851	0.1851851851851851	0.1851851851851851	57	0.0	0.0	Rv0175	2
1.0	0.5384615384615384		0.5384615384615384	0.5384615384615384	0.5384615384615384	0.5384615384615384	0.5384615384615384	56	0.0	0.0		2
1.0	0.5384615384615384		0.5384615384615384	0.5384615384615384	0.5384615384615384	0.5384615384615384	0.5384615384615384	56	0.0	0.0		2
1.0	1.0		1.0	1.0	1.0	1.0	1.0	1358	0.0	0.0	Rv1686c	2
1.0	0.9992469879518072		0.9992469879518072	0.9992469879518072	0.9992469879518072	0.9992469879518072	0.9992469879518072	1358	0.0	0.0		2
2.0	0.4977494373593398	0.7039240049771557	0.0	0.2488747186796699	0.4977494373593398	0.7466241560390097	0.9954988747186796	1367	0.0	0.0	Rv1724c	2
14.0	0.45558340295182403	0.48807885311230037	0.0	0.0	0.2631578947368421	1.0	1.0	628	0.0	0.0		14
2.0	0.4996237772761475	0.7065747219080023	0.0	0.24981188863807374	0.4996237772761475	0.7494356659142212	0.999247554552295	1360	0.0	0.0	Rv1733c	2
1.0	0.999247554552295		0.999247554552295	0.999247554552295	0.999247554552295	0.999247554552295	0.999247554552295	1359	0.0	0.0		2
18.0	0.6700246558819356	0.4477036287850506	0.0	0.1244212962962963	1.0	1.0	1.0	3412	0.0	0.0	Rv1752,PPE24	14
1.0	0.8541666666666666		0.8541666666666666	0.8541666666666666	0.8541666666666666	0.8541666666666666	0.8541666666666666	78	0.0	0.0	PPE24	2
2.0	0.5949704142011834	0.5727983333990435	0.1899408284023668	0.39245562130177514	0.5949704142011834	0.7974852071005917	1.0	2071	0.0	0.0	bglS,mymT	2
14.0	0.49423746984722594	0.48009150192588784	0.0	0.0	0.4724828017510944	1.0	1.0	872	0.0	0.0	PPE24	16
108.0	0.5792141458140233	0.47841785617749194	0.0	0.0	0.9513447270800212	1.0	1.0	53885	7500.0	7047.0	Rv1754c,plcD,Rv1756c,Rv1757c,cut1,wag22,Rv1760,Rv1761c,Rv1762c,Rv1763,Rv1764,Rv1765c,Rv1765A	42
1.0	0.0		0.0	0.0	0.0	0.0	0.0	96	0.0	96.0	PE_PGRS31	2
1.0	0.9992469879518072		0.9992469879518072	0.9992469879518072	0.9992469879518072	0.9992469879518072	0.9992469879518072	1358	0.0	0.0	Rv1772	2
1.0	1.0		1.0	1.0	1.0	1.0	1.0	1358	0.0	0.0	cyp144	2
4.0	0.4804062826858077	0.5547491053462968	0.0	0.0	0.4772653458915232	0.9576716285773309	0.9670944389601844	9290	0.0	53.0	PPE25,PE18,PPE26,PPE27	3
14.0	0.5635516995828602	0.4614825734638428	0.0	0.0	0.7768112212919529	0.994040523156089	1.0	6457	0.0	0.0	lppT	7
3.0	0.3333333333333333	0.5773502691896258	0.0	0.0	0.0	0.5	1.0	1358	0.0	0.0		3
3.0	0.3333333333333333	0.5773502691896258	0.0	0.0	0.0	0.5	1.0	3435	0.0	2077.0	PPE30,PE_PGRS32	3
8.0	0.7403653248138025	0.4570580806862162	0.0	0.7267441860465116	0.984550226676211	0.9901284469183725	1.0	3751	0.0	0.0	Rv1804c	4
1.0	0.8292682926829268		0.8292682926829268	0.8292682926829268	0.8292682926829268	0.8292682926829268	0.8292682926829268	317	0.0	0.0	Rv0193c	2
1.0	0.9992469879518072		0.9992469879518072	0.9992469879518072	0.9992469879518072	0.9992469879518072	0.9992469879518072	1358	0.0	0.0	Rv1815	2
1.0	1.0		1.0	1.0	1.0	1.0	1.0	77	0.0	0.0	Rv1817	2
3.0	0.0	0.0	0.0	0.0	0.0	0.0	0.0	216	0.0	201.0	PE_PGRS33	3
1.0	0.0		0.0	0.0	0.0	0.0	0.0	72	0.0	72.0	PE_PGRS33	2
1.0	0.4642857142857143		0.4642857142857143	0.4642857142857143	0.4642857142857143	0.4642857142857143	0.4642857142857143	112	0.0	0.0		2
5.0	0.6	0.5477225575051662	0.0	0.0	1.0	1.0	1.0	168	0.0	0.0		3
1.0	0.0		0.0	0.0	0.0	0.0	0.0	80	0.0	80.0	Rv1841c	2
1.0	0.978607439705682		0.978607439705682	0.978607439705682	0.978607439705682	0.978607439705682	0.978607439705682	7369	0.0	0.0	Rv1873	2
1.0	0.0		0.0	0.0	0.0	0.0	0.0	1204	0.0	1204.0	glnA3,Rv1879	2
1.0	0.0		0.0	0.0	0.0	0.0	0.0	98	0.0	98.0	Rv1882c	2
3.0	0.5287297219772865	0.4824748090766067	0.0	0.3205282112845138	0.6410564225690276	0.7930945829659297	0.9451327433628318	2497	0.0	1039.0	Rv0221,echA1,Rv0223c	3
1.0	0.0		0.0	0.0	0.0	0.0	0.0	90	90.0	90.0	lppD	2
2.0	0.0	0.0	0.0	0.0	0.0	0.0	0.0	1172	598.0	1172.0	nanT,Rv1903	2
1.0	1.0		1.0	1.0	1.0	1.0	1.0	1359	0.0	0.0		2
1.0	0.0		0.0	0.0	0.0	0.0	0.0	118	0.0	118.0	furA	2
1.0	0.9992469879518072		0.9992469879518072	0.9992469879518072	0.9992469879518072	0.9992469879518072	0.9992469879518072	1358	0.0	0.0	PPE34	2
128.0	0.6077442625734901	0.4612939391162905	0.0	0.0	0.9743589743589745	1.0	1.0	42531	295.0	1738.0	PPE34,PPE35	77
1.0	1.0		1.0	1.0	1.0	1.0	1.0	202	0.0	0.0	PPE35	2
1.0	0.4375		0.4375	0.4375	0.4375	0.4375	0.4375	78	0.0	0.0	PPE35	2
1.0	0.99849510910459		0.99849510910459	0.99849510910459	0.99849510910459	0.99849510910459	0.99849510910459	1359	0.0	0.0	Rv1920	2
1.0	0.9992469879518072		0.9992469879518072	0.9992469879518072	0.9992469879518072	0.9992469879518072	0.9992469879518072	1358	0.0	0.0		2
1.0	0.5777777777777777		0.5777777777777777	0.5777777777777777	0.5777777777777777	0.5777777777777777	0.5777777777777777	75	0.0	0.0	nrdB	2
1.0	0.99849510910459		0.99849510910459	0.99849510910459	0.99849510910459	0.99849510910459	0.99849510910459	1359	0.0	0.0	Rv1922	2
1.0	0.0		0.0	0.0	0.0	0.0	0.0	1087	0.0	1087.0	Rv1927,Rv1928c	2
1.0	1.0		1.0	1.0	1.0	1.0	1.0	1358	0.0	0.0	Rv1928c	2
1.0	0.9759217456734388		0.9759217456734388	0.9759217456734388	0.9759217456734388	0.9759217456734388	0.9759217456734388	1359	0.0	0.0	Rv1949c	2
1.0	0.999247554552295		0.999247554552295	0.999247554552295	0.999247554552295	0.999247554552295	0.999247554552295	1359	0.0	0.0	Rv1958c	2
25.0	0.40321974490798934	0.45042687838144774	0.0	0.0	0.1650595575723199	0.9929577464788732	1.0	29094	4496.0	14629.0	yrbE3A,yrbE3B,mce3A,mce3B,mce3C,mce3D,lprM,mce3F,Rv1972,Rv1973,Rv1974,Rv1975,Rv1976c,Rv1977,Rv1978,Rv1979c	13
6.0	0.1988618499654153	0.400009715273276	0.0	0.0	0.0	0.1448783248443689	1.0	7884	681.0	1499.0	PE_PGRS35,cfp21,Rv1985c,Rv1986,Rv1987,erm(37)	4
1.0	0.0		0.0	0.0	0.0	0.0	0.0	63	0.0	63.0	ctpG	2
3.0	0.0	0.0	0.0	0.0	0.0	0.0	0.0	3557	0.0	3557.0	ctpG,Rv1993c,cmtR,Rv1995,Rv1996	3
1.0	0.9992469879518072		0.9992469879518072	0.9992469879518072	0.9992469879518072	0.9992469879518072	0.9992469879518072	1358	0.0	0.0	Rv2001	2
1.0	0.0		0.0	0.0	0.0	0.0	0.0	376	0.0	376.0	narU	2
1.0	0.0		0.0	0.0	0.0	0.0	0.0	58	0.0	58.0	Rv2003c	2
6.0	0.8333333333333334	0.408248290463863	0.0	1.0	1.0	1.0	1.0	3386	0.0	0.0	Rv2015c	4
9.0	0.854540382239483	0.3344579157023819	0.0	0.9913544668587896	1.0	1.0	1.0	4061	0.0	0.0	Rv2015c,Rv2016	3
6.0	0.49924755455229497	0.5468997441573373	0.0	0.0	0.4981188863807374	0.9984951091045899	1.0	6459	0.0	2386.0	Rv2016,Rv2017,Rv2018,Rv2019	4
13.0	0.577340633393292	0.4762087132886071	0.0	0.0	0.8837209302325582	0.9577464788732394	1.0	8232	5518.0	4482.0	Rv2023A,Rv2024c	6
1.0	0.976656626506024		0.976656626506024	0.976656626506024	0.976656626506024	0.976656626506024	0.976656626506024	1358	0.0	0.0		2
2.0	0.09260487481346374	0.13096306990306308	0.0	0.04630243740673187	0.09260487481346374	0.13890731222019562	0.1852097496269275	6080	0.0	0.0	pks12	2
1.0	0.0		0.0	0.0	0.0	0.0	0.0	3521	0.0	3521.0	Rv2059,Rv2060,Rv2061c,cobN	2
4.0	0.28618501646122035	0.4782029610397715	0.0	0.024433427762039623	0.07237003292244079	0.33412162162162157	1.0	1639	754.0	754.0	mazE7,mazF7,cobG	3
1.0	0.0		0.0	0.0	0.0	0.0	0.0	338	0.0	338.0	fadE6	2
1.0	0.0		0.0	0.0	0.0	0.0	0.0	881	0.0	881.0	Rv2067c,blaC	2
1.0	0.0030015007503751		0.0030015007503751	0.0030015007503751	0.0030015007503751	0.0030015007503751	0.0030015007503751	2029	0.0	2029.0	cobL,Rv2073c,Rv2074,Rv2075c	2
1.0	0.9992469879518072		0.9992469879518072	0.9992469879518072	0.9992469879518072	0.9992469879518072	0.9992469879518072	1358	0.0	0.0		2
4.0	0.9963383838383839	0.004797979797979769	0.98989898989899	0.9940656565656567	0.9977272727272728	1.0	1.0	500	250.0	0.0	Rv2082	3
4.0	0.7098243806812506	0.28137133289017563	0.4665492957746479	0.466637323943662	0.699290780141844	0.9424778368794325	0.9741666666666666	2925	265.0	0.0	Rv2082	3
1.0	0.9992469879518072		0.9992469879518072	0.9992469879518072	0.9992469879518072	0.9992469879518072	0.9992469879518072	1358	0.0	0.0	Rv2085	2
1.0	0.8148148148148148		0.8148148148148148	0.8148148148148148	0.8148148148148148	0.8148148148148148	0.8148148148148148	57	0.0	0.0	Rv2090	2
1.0	0.1481481481481481		0.1481481481481481	0.1481481481481481	0.1481481481481481	0.1481481481481481	0.1481481481481481	57	0.0	0.0	Rv2090	2
1.0	0.0		0.0	0.0	0.0	0.0	0.0	68	68.0	68.0		2
1.0	0.0		0.0	0.0	0.0	0.0	0.0	213	0.0	213.0	PE_PGRS36	2
1.0	1.0		1.0	1.0	1.0	1.0	1.0	1358	0.0	0.0		2
1.0	0.0		0.0	0.0	0.0	0.0	0.0	80	0.0	80.0	helZ	2
2.0	0.0	0.0	0.0	0.0	0.0	0.0	0.0	1774	0.0	1773.0	helZ,Rv2102	2
16.0	0.6140572134046179	0.49151233907414366	0.0	0.0	0.9625245653565422	0.9988713318284426	1.0	9591	0.0	0.0	Rv2105,Rv2106	7
1.0	0.9962377727614748		0.9962377727614748	0.9962377727614748	0.9962377727614748	0.9962377727614748	0.9962377727614748	1359	0.0	0.0	PPE36	2
1.0	0.6296296296296297		0.6296296296296297	0.6296296296296297	0.6296296296296297	0.6296296296296297	0.6296296296296297	57	0.0	0.0	dop	2
7.0	0.44501133786848074	0.4933441931991527	0.0	0.0	0.2222222222222222	0.9464285714285714	1.0	229	0.0	0.0	dop	5
1.0	0.0		0.0	0.0	0.0	0.0	0.0	2274	0.0	2274.0	PPE37,metH	2
7.0	0.4795918367346939	0.4786501102951089	0.0	0.0	0.5	0.9285714285714286	1.0	232	0.0	0.0		6
1.0	0.9992469879518072		0.9992469879518072	0.9992469879518072	0.9992469879518072	0.9992469879518072	0.9992469879518072	1358	0.0	0.0		2
12.0	0.3511448057483863	0.4375233645321052	0.0	0.0	0.08823529411764705	0.7065217391304348	1.0	838	0.0	363.0	PE_PGRS38	7
1.0	0.1818181818181818		0.1818181818181818	0.1818181818181818	0.1818181818181818	0.1818181818181818	0.1818181818181818	85	0.0	0.0	PE_PGRS3	2
1.0	1.0		1.0	1.0	1.0	1.0	1.0	1358	0.0	0.0	Rv2167c,Rv2168c	2
8.0	0.28616071428571427	0.4411852802741862	0.0	0.0	0.0	0.49196428571428574	1.0	1564	0.0	0.0		5
1.0	1.0		1.0	1.0	1.0	1.0	1.0	1358	0.0	0.0	Rv2205c	2
3.0	0.7423552374756018	0.28641092031529164	0.4339622641509434	0.6135328562134028	0.7931034482758621	0.896551724137931	1.0	212	0.0	0.0		3
5.0	0.5916666666666667	0.5403830945624492	0.0	0.0	0.9583333333333334	1.0	1.0	160	0.0	0.0		4
1.0	0.0		0.0	0.0	0.0	0.0	0.0	710	0.0	710.0	Rv2262c,Rv2263	2
4.0	0.7044756298190323	0.476461229353064	0.0	0.6194029850746269	0.9089512596380647	0.9940239043824701	1.0	3277	0.0	0.0	Rv2267c	3
3.0	0.3333333333333333	0.5773502691896258	0.0	0.0	0.0	0.5	1.0	6479	0.0	5121.0	lppN,Rv2271,Rv2272,Rv2273,mazF8,mazE8,Rv2275,cyp121,Rv2277c,Rv2278,Rv2279,Rv2280	3
5.0	0.5748518762343646	0.5272703451541944	0.0	0.0	0.8742593811718236	1.0	1.0	3097	31.0	31.0	Rv2282c	4
6.0	0.49666666666666665	0.5440833269515495	0.0	0.0	0.495	0.99	1.0	2018	0.0	0.0	Rv2286c,yjcE	4
1.0	0.9992469879518072		0.9992469879518072	0.9992469879518072	0.9992469879518072	0.9992469879518072	0.9992469879518072	1358	0.0	0.0		2
1.0	0.0		0.0	0.0	0.0	0.0	0.0	186	0.0	186.0	PE_PGRS3	2
1.0	1.0		1.0	1.0	1.0	1.0	1.0	1361	0.0	0.0	Rv2307B	2
4.0	0.5	0.5773502691896257	0.0	0.0	0.5	1.0	1.0	4233	0.0	1520.0	Rv2307D,Rv2308	3
2.0	0.0	0.0	0.0	0.0	0.0	0.0	0.0	1962	940.0	1962.0	Rv2310,Rv2311,Rv2312	2
1.0	0.93058568329718		0.93058568329718	0.93058568329718	0.93058568329718	0.93058568329718	0.93058568329718	952	0.0	0.0	Rv2319c	2
1.0	1.0		1.0	1.0	1.0	1.0	1.0	1358	0.0	0.0	PE23	2
1.0	0.9962321024868124		0.9962321024868124	0.9962321024868124	0.9962321024868124	0.9962321024868124	0.9962321024868124	1357	0.0	0.0	Rv2336	2
1.0	1.0		1.0	1.0	1.0	1.0	1.0	1358	0.0	0.0	Rv2337c	2
1.0	0.9497523000707714		0.9497523000707714	0.9497523000707714	0.9497523000707714	0.9497523000707714	0.9497523000707714	1443	0.0	0.0	moeW	2
3.0	0.9536750180475307	0.07958598543215346	0.8617780661907852	0.9305125270712962	0.9992469879518072	0.9996234939759037	1.0	3142	0.0	0.0	mmpL9	3
87.0	0.704976629907074	0.42940596398569464	0.0	0.16735544246729736	1.0	1.0	1.0	55759	447.0	4697.0	plcC,plcB,plcA,PPE38,PPE39,Rv2354,Rv2355,PPE40	40
70.0	0.4863719303160459	0.4724317109798561	0.0	0.0	0.45092800899887514	1.0	1.0	12630	3211.0	1608.0	PE_PGRS3,PE_PGRS4	38
1.0	0.9992469879518072		0.9992469879518072	0.9992469879518072	0.9992469879518072	0.9992469879518072	0.9992469879518072	1358	0.0	0.0	rpfD	2
1.0	0.9984939759036144		0.9984939759036144	0.9984939759036144	0.9984939759036144	0.9984939759036144	0.9984939759036144	1358	0.0	0.0	Rv2390c	2
1.0	1.0		1.0	1.0	1.0	1.0	1.0	54	0.0	0.0	che1	2
1.0	0.9950980392156864		0.9950980392156864	0.9950980392156864	0.9950980392156864	0.9950980392156864	0.9950980392156864	1458	0.0	0.0		2
1.0	0.3703703703703703		0.3703703703703703	0.3703703703703703	0.3703703703703703	0.3703703703703703	0.3703703703703703	57	0.0	0.0		2
1.0	0.3703703703703703		0.3703703703703703	0.3703703703703703	0.3703703703703703	0.3703703703703703	0.3703703703703703	57	0.0	0.0		2
1.0	0.0		0.0	0.0	0.0	0.0	0.0	500	0.0	500.0	Rv2406c,Rv2407	2
1.0	0.5818181818181818		0.5818181818181818	0.5818181818181818	0.5818181818181818	0.5818181818181818	0.5818181818181818	85	0.0	0.0		2
1.0	0.0		0.0	0.0	0.0	0.0	0.0	80	0.0	80.0	Rv2417c	2
1.0	0.0		0.0	0.0	0.0	0.0	0.0	214	0.0	214.0	Rv2434c	2
1.0	0.0		0.0	0.0	0.0	0.0	0.0	956	0.0	956.0	Rv0293c,tam	2
1.0	1.0		1.0	1.0	1.0	1.0	1.0	1358	0.0	0.0	Rv2435c	2
1.0	1.0		1.0	1.0	1.0	1.0	1.0	1358	0.0	0.0	Rv2435c	2
1.0	0.0		0.0	0.0	0.0	0.0	0.0	408	0.0	408.0	Rv2478c	2
1.0	0.9992469879518072		0.9992469879518072	0.9992469879518072	0.9992469879518072	0.9992469879518072	0.9992469879518072	1358	0.0	0.0	Rv2479c,Rv2480c	2
1.0	0.0		0.0	0.0	0.0	0.0	0.0	7546	0.0	7546.0	Rv2481c,plsB2,plsC,Rv2484c,lipQ	2
3.0	0.0	0.0	0.0	0.0	0.0	0.0	0.0	385	0.0	385.0	PE_PGRS42	3
1.0	0.0085470085470085		0.0085470085470085	0.0085470085470085	0.0085470085470085	0.0085470085470085	0.0085470085470085	147	0.0	147.0	PE_PGRS42	2
2.0	0.2857142857142857	0.40406101782088427	0.0	0.14285714285714285	0.2857142857142857	0.42857142857142855	0.5714285714285714	177	0.0	126.0	PE_PGRS43	2
1.0	0.4444444444444444		0.4444444444444444	0.4444444444444444	0.4444444444444444	0.4444444444444444	0.4444444444444444	57	0.0	0.0	PE_PGRS43	2
3.0	0.0	0.0	0.0	0.0	0.0	0.0	0.0	450	0.0	450.0	PE_PGRS43	3
1.0	0.7268518518518519		0.7268518518518519	0.7268518518518519	0.7268518518518519	0.7268518518518519	0.7268518518518519	246	0.0	0.0	PE_PGRS5	2
1.0	0.0		0.0	0.0	0.0	0.0	0.0	441	0.0	441.0	PE_PGRS43	2
1.0	0.0		0.0	0.0	0.0	0.0	0.0	78	0.0	78.0	PE_PGRS43	2
2.0	0.0	0.0	0.0	0.0	0.0	0.0	0.0	164	0.0	142.0	PE_PGRS43	2
1.0	0.0		0.0	0.0	0.0	0.0	0.0	75	0.0	75.0	PE_PGRS43	2
1.0	0.9992469879518072		0.9992469879518072	0.9992469879518072	0.9992469879518072	0.9992469879518072	0.9992469879518072	1358	0.0	0.0	Rv2513	2
1.0	0.0		0.0	0.0	0.0	0.0	0.0	61	0.0	61.0	Rv2542	2
1.0	0.5351437699680511		0.5351437699680511	0.5351437699680511	0.5351437699680511	0.5351437699680511	0.5351437699680511	656	0.0	0.0	lppB	2
1.0	1.0		1.0	1.0	1.0	1.0	1.0	1358	0.0	0.0	Rv2561	2
1.0	0.999247554552295		0.999247554552295	0.999247554552295	0.999247554552295	0.999247554552295	0.999247554552295	1359	0.0	0.0		2
7.0	0.32341269841269843	0.4248210018323995	0.0	0.0	0.0	0.6319444444444444	1.0	1414	0.0	978.0	PE_PGRS44	5
2.0	0.5	0.7071067811865476	0.0	0.25	0.5	0.75	1.0	431	0.0	244.0	PE_PGRS5	2
1.0	0.4844444444444444		0.4844444444444444	0.4844444444444444	0.4844444444444444	0.4844444444444444	0.4844444444444444	480	0.0	0.0	PE_PGRS45	2
3.0	0.0014380212827149665	0.002490725924027691	0.0	0.0	0.0	0.00215703192407245	0.0043140638481449	5225	0.0	5225.0	TB31.7,Rv2624c,Rv2625c,hrp1,Rv2627c,Rv2628	3
1.0	0.0		0.0	0.0	0.0	0.0	0.0	114	0.0	114.0	PE_PGRS46	2
1.0	0.999247554552295		0.999247554552295	0.999247554552295	0.999247554552295	0.999247554552295	0.999247554552295	1359	0.0	0.0	Rv2636	2
1.0	0.0		0.0	0.0	0.0	0.0	0.0	584	0.0	584.0	arsC,Rv2644c	2
3.0	0.34700430151113576	0.5655660037363635	0.0126091173617846	0.0205064522667037	0.0284037871716228	0.5142018935858115	1.0	10982	0.0	9624.0	valU,Rv2645,Rv2646,Rv2647,Rv2648,Rv2649,Rv2650c,Rv2651c,Rv2652c,Rv2653c,Rv2654c,Rv2655c,Rv2656c,Rv2657c,Rv2658c,Rv2659c,Rv2660c	3
1.0	1.0		1.0	1.0	1.0	1.0	1.0	1358	0.0	0.0		2
3.0	0.4533333333333333	0.5064911976859354	0.0	0.18	0.36	0.6799999999999999	1.0	110	0.0	0.0		3
1.0	0.36		0.36	0.36	0.36	0.36	0.36	55	0.0	0.0		2
3.0	1.0	0.0	1.0	1.0	1.0	1.0	1.0	153	0.0	0.0		4
1.0	0.0		0.0	0.0	0.0	0.0	0.0	204	0.0	204.0	PE_PGRS5	2
1.0	0.4117647058823529		0.4117647058823529	0.4117647058823529	0.4117647058823529	0.4117647058823529	0.4117647058823529	204	0.0	0.0		2
1.0	1.0		1.0	1.0	1.0	1.0	1.0	51	0.0	0.0	Rv2680	2
2.0	0.0	0.0	0.0	0.0	0.0	0.0	0.0	1438	766.0	1438.0	Rv2689c	2
8.0	0.44575471698113206	0.49725253381781964	0.0	0.0	0.2830188679245283	1.0	1.0	266	0.0	0.0		5
1.0	0.2463768115942029		0.2463768115942029	0.2463768115942029	0.2463768115942029	0.2463768115942029	0.2463768115942029	99	0.0	0.0	sigA	2
1.0	0.9981447124304268		0.9981447124304268	0.9981447124304268	0.9981447124304268	0.9981447124304268	0.9981447124304268	569	0.0	0.0	Rv2705c	2
1.0	1.0		1.0	1.0	1.0	1.0	1.0	1358	0.0	0.0	Rv2735c	2
1.0	0.9992469879518072		0.9992469879518072	0.9992469879518072	0.9992469879518072	0.9992469879518072	0.9992469879518072	1358	0.0	0.0	PE_PGRS47	2
4.0	0.0	0.0	0.0	0.0	0.0	0.0	0.0	2272	0.0	2271.0	Rv2766c,Rv2767c,PPE43	3
1.0	0.999247554552295		0.999247554552295	0.999247554552295	0.999247554552295	0.999247554552295	0.999247554552295	1359	0.0	0.0	Rv2776c	2
1.0	0.0		0.0	0.0	0.0	0.0	0.0	60	0.0	60.0	PPE5	2
5.0	0.5924877614597241	0.5409587957975076	0.0	0.0	0.97196261682243	0.9904761904761904	1.0	1630	0.0	0.0	Rv2787	3
1.0	0.0		0.0	0.0	0.0	0.0	0.0	147	0.0	147.0		2
224.0	0.6932434571240241	0.4353537239271041	0.0	0.0016059957173447249	1.0	1.0	1.0	135873	1232.0	3999.0	Rv2807,Rv2808,Rv2809,Rv2810c,Rv2811,Rv2812,Rv2813,Rv2814c,Rv2815c,Rv2816c,Rv2817c,Rv2818c,Rv2819c,Rv2820c,Rv2821c,Rv2822c,Rv2823c,Rv2824c,Rv2825c,Rv2826c,Rv2827c,Rv2828c,Rv2828A,vapC22,vapB22,echA16,ugpC,ugpB,ugpE,ugpA,dinF,Rv2837c,rbfA,infB,Rv2840c,nusA,Rv2842c,Rv2843,Rv2844,proS,efpA,cysG,cobB,cobO	73
1.0	0.0		0.0	0.0	0.0	0.0	0.0	272	0.0	272.0	Rv2859c	2
1.0	0.1666666666666666		0.1666666666666666	0.1666666666666666	0.1666666666666666	0.1666666666666666	0.1666666666666666	54	0.0	0.0	Rv2859c	2
3.0	0.5161290322580645	0.5007798289116137	0.0	0.27419354838709675	0.5483870967741935	0.7741935483870968	1.0	115	0.0	0.0	Rv2859c	3
1.0	0.1481481481481481		0.1481481481481481	0.1481481481481481	0.1481481481481481	0.1481481481481481	0.1481481481481481	57	0.0	0.0	Rv2879c	2
1.0	0.8148148148148148		0.8148148148148148	0.8148148148148148	0.8148148148148148	0.8148148148148148	0.8148148148148148	57	0.0	0.0	Rv2879c	2
2.0	1.0	0.0	1.0	1.0	1.0	1.0	1.0	106	0.0	0.0		3
3.0	0.6666666666666666	0.5773502691896258	0.0	0.5	1.0	1.0	1.0	106	0.0	0.0		2
1.0	0.0		0.0	0.0	0.0	0.0	0.0	60	0.0	60.0	PPE5	2
1.0	0.5652173913043478		0.5652173913043478	0.5652173913043478	0.5652173913043478	0.5652173913043478	0.5652173913043478	53	0.0	0.0		2
1.0	0.0		0.0	0.0	0.0	0.0	0.0	86	0.0	86.0	Rv2885c	2
4.0	0.6496631175957811	0.47230011796662963	0.0	0.44986449864498645	0.7993262351915622	0.999124854142357	1.0	4489	0.0	0.0	Rv2885c,Rv2886c	3
1.0	0.0006858710562414		0.0006858710562414	0.0006858710562414	0.0006858710562414	0.0006858710562414	0.0006858710562414	1488	0.0	1488.0	Rv2891,PPE45	2
1.0	0.0		0.0	0.0	0.0	0.0	0.0	180	0.0	180.0	Rv2893	2
1.0	1.0		1.0	1.0	1.0	1.0	1.0	56	0.0	0.0		2
16.0	0.625	0.5	0.0	0.0	1.0	1.0	1.0	1235	0.0	0.0		22
5.0	0.36	0.4979959839195493	0.0	0.0	0.0	0.8	1.0	189	0.0	36.0		4
1.0	0.84		0.84	0.84	0.84	0.84	0.84	55	0.0	0.0		2
1.0	0.620253164556962		0.620253164556962	0.620253164556962	0.620253164556962	0.620253164556962	0.620253164556962	158	0.0	0.0		2
1.0	0.0095584888484296		0.0095584888484296	0.0095584888484296	0.0095584888484296	0.0095584888484296	0.0095584888484296	4425	0.0	4425.0	PPE6,Rv0306,Rv0307c,Rv0308	2
2.0	0.0003903200624512	0.0005519959259848005	0.0	0.0001951600312256	0.0003903200624512	0.0005854800936768	0.0007806401249024	2441	1130.0	2441.0	ppsB	2
4.0	0.5	0.5773502691896257	0.0	0.0	0.5	1.0	1.0	229	0.0	0.0		3
4.0	0.0	0.0	0.0	0.0	0.0	0.0	0.0	1775	776.0	1775.0	pks15,fadD22	3
1.0	0.9992469879518072		0.9992469879518072	0.9992469879518072	0.9992469879518072	0.9992469879518072	0.9992469879518072	1358	0.0	0.0		2
1.0	0.0		0.0	0.0	0.0	0.0	0.0	55	0.0	55.0		2
1.0	1.0		1.0	1.0	1.0	1.0	1.0	1358	0.0	0.0		2
3.0	0.6206896551724138	0.5419390912241969	0.0	0.43103448275862066	0.8620689655172413	0.9310344827586207	1.0	117	0.0	0.0		3
13.0	0.5929127052722558	0.4942150264037207	0.0	0.0	1.0	1.0	1.0	648	0.0	0.0		23
1.0	1.0		1.0	1.0	1.0	1.0	1.0	1358	0.0	0.0		2
1.0	1.0		1.0	1.0	1.0	1.0	1.0	56	0.0	0.0		2
1.0	0.0		0.0	0.0	0.0	0.0	0.0	1282	0.0	1282.0	Rv0329c,Rv0330c	2
1.0	0.6538461538461539		0.6538461538461539	0.6538461538461539	0.6538461538461539	0.6538461538461539	0.6538461538461539	56	0.0	0.0		2
1.0	1.0		1.0	1.0	1.0	1.0	1.0	56	0.0	0.0		2
1.0	1.0		1.0	1.0	1.0	1.0	1.0	1359	0.0	0.0	Rv3008	2
16.0	0.6461509228050119	0.4571847783197423	0.0	0.004201680672268875	0.926832942391702	1.0	1.0	6556	0.0	597.0	esxQ,PPE46	8
23.0	0.5172571436818147	0.4640841516867122	0.0	0.0	0.6987951807228916	1.0	1.0	10577	506.0	579.0	PE27A,esxR,esxS,PPE47,PPE48,PE29	11
1.0	1.0		1.0	1.0	1.0	1.0	1.0	72	0.0	0.0	Rv3023c	2
2.0	0.0	0.0	0.0	0.0	0.0	0.0	0.0	2725	1406.0	2725.0	ctaD	2
1.0	0.654054054054054		0.654054054054054	0.654054054054054	0.654054054054054	0.654054054054054	0.654054054054054	215	0.0	0.0	Rv3055	2
1.0	0.986644407345576		0.986644407345576	0.986644407345576	0.986644407345576	0.986644407345576	0.986644407345576	629	0.0	0.0		2
1.0	0.0		0.0	0.0	0.0	0.0	0.0	68	68.0	68.0		2
2.0	0.5032502708559047	0.7025102040607412	0.0065005417118093	0.25487540628385696	0.5032502708559046	0.7516251354279523	1.0	1918	0.0	1876.0	Rv0021c,whiB5,Rv0023	2
1.0	0.0		0.0	0.0	0.0	0.0	0.0	93	0.0	93.0	Rv0338c	2
1.0	0.0		0.0	0.0	0.0	0.0	0.0	53	0.0	53.0	fadE22	2
1.0	1.0		1.0	1.0	1.0	1.0	1.0	459	0.0	0.0	Rv3077	2
2.0	0.0	0.0	0.0	0.0	0.0	0.0	0.0	2913	0.0	2902.0	Rv3083,lipR,Rv3085	2
5.0	0.6048550124275062	0.533569954021755	0.0	0.0411764705882352	0.991549295774648	0.991549295774648	1.0	2547	419.0	419.0	Rv3113	4
4.0	0.2498117469879518	0.49962349397590355	0.0	0.0	0.0	0.2498117469879518	0.9992469879518072	3722	1153.0	2364.0	cyp141	3
1.0	0.9992469879518072		0.9992469879518072	0.9992469879518072	0.9992469879518072	0.9992469879518072	0.9992469879518072	1358	0.0	0.0		2
1.0	1.0		1.0	1.0	1.0	1.0	1.0	1358	0.0	0.0	moaR1	2
1.0	1.0		1.0	1.0	1.0	1.0	1.0	1358	0.0	0.0	moaR1	2
8.0	0.8340019424855369	0.34867148088946	0.0	0.882989879368833	1.0	1.0	1.0	5278	0.0	0.0	PPE49	5
4.0	0.6931053065786672	0.47347408606275515	0.0	0.5835772833723654	0.8862106131573344	0.9957386363636364	1.0	3478	0.0	0.0	Rv3128c	3
2.0	1.0	0.0	1.0	1.0	1.0	1.0	1.0	102	0.0	0.0		3
13.0	0.0	0.0	0.0	0.0	0.0	0.0	0.0	1859	1310.0	1807.0	PPE50	8
1.0	0.0		0.0	0.0	0.0	0.0	0.0	847	0.0	847.0	fadB4,Rv3142c	2
6.0	0.7614104538830914	0.3933742744066045	0.0	0.7377120059236093	0.9502930676383848	0.9883419689119171	1.0	5517	1642.0	1642.0	PPE53	4
1.0	1.0		1.0	1.0	1.0	1.0	1.0	1358	0.0	0.0	Rv3175	2
1.0	0.9788997739261492		0.9788997739261492	0.9788997739261492	0.9788997739261492	0.9788997739261492	0.9788997739261492	1357	0.0	0.0		2
13.0	0.59579484107786	0.49111715982120596	0.0	0.0	0.925925925925926	0.9821428571428572	1.0	4601	0.0	996.0	Rv3179	7
21.0	0.6781357980542453	0.4291381709328622	0.0	0.3302325581395349	0.9454545454545454	1.0	1.0	9551	31.0	99.0	Rv3183,Rv3184,Rv3185,Rv3186,Rv3187	11
3.0	0.4444444444444444	0.5091750772173156	0.0	0.16666666666666666	0.3333333333333333	0.6666666666666666	1.0	1358	0.0	0.0		3
1.0	0.9969879518072288		0.9969879518072288	0.9969879518072288	0.9969879518072288	0.9969879518072288	0.9969879518072288	1358	0.0	0.0		2
1.0	0.5686274509803921		0.5686274509803921	0.5686274509803921	0.5686274509803921	0.5686274509803921	0.5686274509803921	102	0.0	0.0		2
6.0	0.3617216117216117	0.4645690229536546	0.0	0.0	0.14285714285714285	0.7348901098901098	1.0	1536	0.0	0.0		4
1.0	0.8846153846153846		0.8846153846153846	0.8846153846153846	0.8846153846153846	0.8846153846153846	0.8846153846153846	56	0.0	0.0		2
5.0	0.655	0.48231213959426733	0.0	0.275	1.0	1.0	1.0	323	0.0	0.0	accE5	4
1.0	1.0		1.0	1.0	1.0	1.0	1.0	63	0.0	0.0	accE5	2
1.0	0.0		0.0	0.0	0.0	0.0	0.0	177	0.0	177.0	pcd	2
11.0	0.5031347962382445	0.5001080847396975	0.0	0.0	0.5344827586206896	1.0	1.0	479	0.0	0.0		9
53.0	0.6482621384863513	0.45407753363759235	0.0	0.0	0.9722222222222222	1.0	1.0	29317	4495.0	4207.0	moaX,moaC3,Rv3324A,Rv3325,Rv3326,Rv3327	30
1.0	0.0		0.0	0.0	0.0	0.0	0.0	236	0.0	236.0	Rv3329	2
2.0	0.0	0.0	0.0	0.0	0.0	0.0	0.0	1094	537.0	1094.0	Rv3335c,trpS	2
1.0	0.9969879518072288		0.9969879518072288	0.9969879518072288	0.9969879518072288	0.9969879518072288	0.9969879518072288	1358	0.0	0.0		2
1.0	0.0		0.0	0.0	0.0	0.0	0.0	150	0.0	150.0	PPE8	2
22.0	0.7989749337362011	0.3339136998467873	0.0	0.588411010322177	1.0	1.0	1.0	11289	1342.0	2844.0	PPE54	11
1.0	1.0		1.0	1.0	1.0	1.0	1.0	60	0.0	0.0	PPE54	2
3.0	0.0	0.0	0.0	0.0	0.0	0.0	0.0	390	0.0	390.0	PE_PGRS49	3
74.0	0.35298426079646666	0.41631556791241503	0.0	0.0	0.11568100358422935	0.7961509447517782	1.0	26358	711.0	5142.0	PE_PGRS49,PE_PGRS50,Rv3346c,PPE55,Rv3348,Rv3349c,PPE56	37
2.0	0.5	0.7071067811865476	0.0	0.25	0.5	0.75	1.0	616	0.0	299.0	PPE56	2
5.0	0.448866039229636	0.489312763844253	0.0072655217965653	0.0174311926605504	0.2773998488284203	0.9422336328626444	1.0	7507	0.0	2664.0	PPE56	4
1.0	1.0		1.0	1.0	1.0	1.0	1.0	1358	0.0	0.0	PPE56	2
2.0	0.0	0.0	0.0	0.0	0.0	0.0	0.0	69	0.0	68.0	Rv3359	2
1.0	0.0		0.0	0.0	0.0	0.0	0.0	83	0.0	83.0	PE_PGRS51	2
2.0	0.0	0.0	0.0	0.0	0.0	0.0	0.0	648	0.0	647.0	Rv3371	2
4.0	0.0	0.0	0.0	0.0	0.0	0.0	0.0	131	0.0	105.0	PPE8	2
1.0	1.0		1.0	1.0	1.0	1.0	1.0	1358	0.0	0.0	Rv3377c	2
1.0	1.0		1.0	1.0	1.0	1.0	1.0	1358	0.0	0.0	dxs2	2
6.0	0.7271849133202846	0.3982091792638592	0.0	0.6133903759995463	0.912995787995788	0.995945945945946	1.0	3907	0.0	0.0	Rv3380c,Rv3381c,lytB1	4
1.0	0.7851239669421488		0.7851239669421488	0.7851239669421488	0.7851239669421488	0.7851239669421488	0.7851239669421488	151	0.0	0.0	lytB1	2
1.0	1.0		1.0	1.0	1.0	1.0	1.0	1358	0.0	0.0	idsB	2
4.0	0.2531397174254317	0.29457448154855037	0.0	0.0	0.23076923076923075	0.48390894819466246	0.5510204081632653	329	0.0	31.0	PE_PGRS52	3
2.0	0.5	0.7071067811865476	0.0	0.25	0.5	0.75	1.0	225	0.0	108.0	PE_PGRS52	2
1.0	0.0		0.0	0.0	0.0	0.0	0.0	213	0.0	213.0	PE_PGRS52	2
1.0	0.0		0.0	0.0	0.0	0.0	0.0	186	0.0	186.0	PE_PGRS52	2
1.0	0.0		0.0	0.0	0.0	0.0	0.0	78	78.0	78.0	PE_PGRS52	2
1.0	0.0		0.0	0.0	0.0	0.0	0.0	60	0.0	60.0	PPE8	2
30.0	0.4506408167698491	0.4941549050722861	0.0	0.0	0.04545454545454545	1.0	1.0	1412	0.0	0.0		20
1.0	0.5185185185185185		0.5185185185185185	0.5185185185185185	0.5185185185185185	0.5185185185185185	0.5185185185185185	57	0.0	0.0		2
1.0	0.4994797086368366		0.4994797086368366	0.4994797086368366	0.4994797086368366	0.4994797086368366	0.4994797086368366	991	0.0	0.0		2
12.0	0.34611059498871793	0.4835160130653106	0.0	0.0	0.030762973135755947	0.9994356659142212	1.0	11065	490.0	4894.0	Rv3424c,PPE57,PPE58,Rv3427c,Rv3428c	7
1.0	0.0		0.0	0.0	0.0	0.0	0.0	59	0.0	59.0	Rv3434c	2
1.0	0.0		0.0	0.0	0.0	0.0	0.0	2045	0.0	2045.0	eccC4	2
1.0	0.4444444444444444		0.4444444444444444	0.4444444444444444	0.4444444444444444	0.4444444444444444	0.4444444444444444	57	0.0	0.0		2
4.0	0.4972100656455142	0.5741468068320984	0.0	0.0	0.4944201312910284	0.9916301969365426	1.0	10647	0.0	0.0	Rv3467	3
1.0	1.0		1.0	1.0	1.0	1.0	1.0	1358	0.0	0.0	Rv3474,Rv3475	2
1.0	1.0		1.0	1.0	1.0	1.0	1.0	55	0.0	0.0	PPE60	2
1.0	0.0		0.0	0.0	0.0	0.0	0.0	60	0.0	60.0	PPE8	2
2.0	0.0	0.0	0.0	0.0	0.0	0.0	0.0	1263	643.0	1263.0	Rv3480c	2
1.0	0.0		0.0	0.0	0.0	0.0	0.0	1749	0.0	1749.0	Rv3485c,Rv3486,lipF	2
1.0	0.6923076923076923		0.6923076923076923	0.6923076923076923	0.6923076923076923	0.6923076923076923	0.6923076923076923	56	0.0	0.0		2
15.0	0.7155525806931429	0.42850880388727225	0.0	0.3907407407407407	1.0	1.0	1.0	1677	0.0	0.0	PE_PGRS53	8
8.0	0.03569651741293532	0.10096499810972095	0.0	0.0	0.0	0.0	0.2855721393034826	2289	81.0	1222.0	PE_PGRS53	5
1.0	0.8541666666666666		0.8541666666666666	0.8541666666666666	0.8541666666666666	0.8541666666666666	0.8541666666666666	78	0.0	0.0	PE_PGRS53	2
5.0	0.3514018691588785	0.48878594020754274	0.0	0.0	0.0	0.7570093457943925	1.0	876	0.0	225.0	PE_PGRS53	4
3.0	0.4594594594594595	0.5049065322234975	0.0	0.1891891891891892	0.3783783783783784	0.6891891891891893	1.0	185	0.0	0.0	PE_PGRS53	3
28.0	0.29117664660281845	0.385922127000235	0.0	0.0	0.0	0.4444444444444444	1.0	2041	168.0	149.0	PE_PGRS54	8
1.0	0.2105263157894736		0.2105263157894736	0.2105263157894736	0.2105263157894736	0.2105263157894736	0.2105263157894736	87	0.0	0.0	PE_PGRS54	2
1.0	0.0		0.0	0.0	0.0	0.0	0.0	96	0.0	96.0	PPE8	2
4.0	0.20583696441539578	0.40192979632760967	0.0	0.0	0.00735294117647055	0.21318990559186632	0.808641975308642	490	0.0	285.0	PE_PGRS54	3
2.0	0.7748538011695907	0.3184048079027144	0.5497076023391813	0.6622807017543859	0.7748538011695907	0.8874269005847953	1.0	234	0.0	0.0	PE_PGRS54	2
13.0	0.6642273919835517	0.44028560780076725	0.0	0.1666666666666666	0.9347826086956522	1.0	1.0	1684	0.0	0.0	PE_PGRS54	7
20.0	0.7587375391333004	0.4018556798432757	0.0	0.7269139273356402	1.0	1.0	1.0	3048	211.0	0.0	PE_PGRS54	19
8.0	0.6866576258673224	0.4352559745997104	0.0	0.5332225913621262	0.8911487758945387	1.0	1.0	1237	207.0	66.0	PE_PGRS54	6
3.0	0.0	0.0	0.0	0.0	0.0	0.0	0.0	180	0.0	168.0	PE_PGRS54	3
2.0	0.0	0.0	0.0	0.0	0.0	0.0	0.0	2470	1243.0	2470.0	ilvX	2
2.0	0.5	0.7071067811865476	0.0	0.25	0.5	0.75	1.0	632	0.0	328.0	PE_PGRS55	2
12.0	0.6305522623784778	0.41930379056802397	0.0	0.3620689655172414	0.7682314337373602	1.0	1.0	1203	67.0	67.0	PE_PGRS55	9
9.0	0.7444393680961663	0.4269559552218884	0.0	0.8011695906432749	0.9765625	1.0	1.0	913	0.0	0.0	PE_PGRS55	6
1.0	0.0		0.0	0.0	0.0	0.0	0.0	156	0.0	156.0	PPE8	2
2.0	1.0	0.0	1.0	1.0	1.0	1.0	1.0	126	0.0	0.0	PE_PGRS55	2
4.0	0.40909090909090906	0.4951555951020664	0.0	0.0	0.3181818181818182	0.7272727272727273	1.0	139	0.0	0.0	PE_PGRS55	3
28.0	0.4837910909810637	0.47486696126896	0.0	0.0	0.4440870098039216	1.0	1.0	2592	0.0	398.0	PE_PGRS55,PE_PGRS56	4
1.0	0.0		0.0	0.0	0.0	0.0	0.0	96	0.0	96.0	PE_PGRS56	2
27.0	0.16137000208632102	0.31517666249696513	0.0	0.0	0.0	0.05808080808080805	1.0	2151	134.0	755.0	PE_PGRS56	15
7.0	0.2591461383434101	0.4449262335441355	0.0	0.0	0.0	0.41395592864637987	0.9861111111111112	1684	0.0	590.0	PE_PGRS56,fadD18	4
115.0	0.6161472361838173	0.4455428800867497	0.0	0.0	0.8790322580645161	1.0	1.0	14009	48.0	82.0	fadD18,PE_PGRS57,fadD19	53
1.0	0.0070977917981072		0.0070977917981072	0.0070977917981072	0.0070977917981072	0.0070977917981072	0.0070977917981072	1298	0.0	1298.0	echA19,Rv3517	2
1.0	1.0		1.0	1.0	1.0	1.0	1.0	90	0.0	0.0	PPE62	2
1.0	0.0		0.0	0.0	0.0	0.0	0.0	60	0.0	60.0	PPE64	2
1.0	0.0		0.0	0.0	0.0	0.0	0.0	60	0.0	60.0	PPE8	2
1.0	0.0		0.0	0.0	0.0	0.0	0.0	294	0.0	294.0	PPE64	2
2.0	0.02768166089965395	0.03914778027330363	0.0	0.013840830449826974	0.02768166089965395	0.041522491349480925	0.0553633217993079	1328	738.0	590.0	Rv3575c,lppH	2
1.0	0.0		0.0	0.0	0.0	0.0	0.0	65	0.0	65.0	Rv3579c	2
1.0	0.0		0.0	0.0	0.0	0.0	0.0	128	0.0	128.0	radA	2
1.0	0.0		0.0	0.0	0.0	0.0	0.0	72	0.0	72.0	PE_PGRS58	2
1.0	0.0		0.0	0.0	0.0	0.0	0.0	78	0.0	78.0	PE_PGRS58	2
8.0	0.8407079646017699	0.3530011687438633	0.0	0.9314159292035398	1.0	1.0	1.0	889	0.0	0.0	Rv3611	9
1.0	1.0		1.0	1.0	1.0	1.0	1.0	111	0.0	0.0	Rv3611,Rv3612c	2
3.0	0.041792430926398866	0.07238661373633568	0.0	0.0	0.0	0.0626886463895983	0.1253772927791966	5894	0.0	1557.0	ephA,Rv3618,esxV,esxW,PPE65,PE32,lpqG	3
5.0	0.7564434806180536	0.42545506314296744	0.0175115207373271	0.7647058823529411	1.0	1.0	1.0	5028	0.0	2200.0	Rv3636,Rv3637,Rv3638	4
1.0	0.8771929824561403		0.8771929824561403	0.8771929824561403	0.8771929824561403	0.8771929824561403	0.8771929824561403	87	0.0	0.0	Rv0024	2
1.0	0.0		0.0	0.0	0.0	0.0	0.0	60	0.0	60.0	PPE8	2
3.0	0.54320987654321	0.5055702525788461	0.0	0.3148148148148148	0.6296296296296297	0.8148148148148149	1.0	114	0.0	0.0		3
2.0	0.00062111801242235	0.0008783935170019079	0.0	0.000310559006211175	0.00062111801242235	0.000931677018633525	0.0012422360248447	1599	835.0	1599.0	Rv3647c,cspA	2
1.0	0.0		0.0	0.0	0.0	0.0	0.0	842	0.0	842.0	Rv3651	2
1.0	0.9984939759036144		0.9984939759036144	0.9984939759036144	0.9984939759036144	0.9984939759036144	0.9984939759036144	1358	0.0	0.0		2
1.0	0.0416666666666666		0.0416666666666666	0.0416666666666666	0.0416666666666666	0.0416666666666666	0.0416666666666666	126	126.0	126.0	PE_PGRS61	2
1.0	0.0		0.0	0.0	0.0	0.0	0.0	54	0.0	54.0	Rv3654c	2
7.0	0.33333333333333337	0.4714045207910317	0.0	0.0	0.0	0.6666666666666666	1.0	457	0.0	0.0	Rv3680	6
1.0	1.0		1.0	1.0	1.0	1.0	1.0	114	0.0	0.0		2
11.0	1.0	0.0	1.0	1.0	1.0	1.0	1.0	1287	0.0	0.0	leuA	12
6.0	0.6006944444444444	0.48990090173270606	0.0	0.15104166666666666	0.8020833333333333	1.0	1.0	254	0.0	0.0		5
1.0	0.0		0.0	0.0	0.0	0.0	0.0	377	0.0	377.0	PPE8	2
3.0	0.9584706657877389	0.07193091686014456	0.8754119973632168	0.9377059986816084	1.0	1.0	1.0	3094	0.0	0.0	tgs2	3
3.0	0.4648148148148148	0.5037002995527672	0.0	0.1972222222222222	0.3944444444444444	0.6972222222222222	1.0	1939	0.0	373.0	Rv3737,PPE66,PPE67	3
1.0	0.0		0.0	0.0	0.0	0.0	0.0	60	0.0	60.0	ctpJ	2
1.0	0.9992469879518072		0.9992469879518072	0.9992469879518072	0.9992469879518072	0.9992469879518072	0.9992469879518072	1358	0.0	0.0	Rv3750c	2
1.0	0.9984939759036144		0.9984939759036144	0.9984939759036144	0.9984939759036144	0.9984939759036144	0.9984939759036144	1358	0.0	0.0	proX	2
2.0	0.0	0.0	0.0	0.0	0.0	0.0	0.0	757	0.0	756.0	Rv3762c,lpqH	2
3.0	0.9773224868422172	0.03543791549906399	0.936485532815808	0.9659837302633257	0.9954819277108434	0.9977409638554218	1.0	2894	0.0	0.0	Rv3766	3
1.0	0.0		0.0	0.0	0.0	0.0	0.0	89	0.0	89.0	Rv3785	2
1.0	0.9992469879518072		0.9992469879518072	0.9992469879518072	0.9992469879518072	0.9992469879518072	0.9992469879518072	1358	0.0	0.0		2
1.0	0.0		0.0	0.0	0.0	0.0	0.0	90	0.0	90.0	pks13	2
2.0	0.0	0.0	0.0	0.0	0.0	0.0	0.0	1663	0.0	1657.0	Rv0368c,Rv0369c,Rv0370c	2
1.0	0.6666666666666666		0.6666666666666666	0.6666666666666666	0.6666666666666666	0.6666666666666666	0.6666666666666666	276	0.0	0.0	Rv3819	2
1.0	0.0		0.0	0.0	0.0	0.0	0.0	4367	0.0	4367.0	pks2	2
1.0	0.7196969696969697		0.7196969696969697	0.7196969696969697	0.7196969696969697	0.7196969696969697	0.7196969696969697	294	0.0	0.0	Rv3835	2
1.0	0.0		0.0	0.0	0.0	0.0	0.0	879	0.0	879.0	Rv3836,Rv3837c	2
1.0	0.999247554552295		0.999247554552295	0.999247554552295	0.999247554552295	0.999247554552295	0.999247554552295	1359	0.0	0.0		2
1.0	0.9992469879518072		0.9992469879518072	0.9992469879518072	0.9992469879518072	0.9992469879518072	0.9992469879518072	1358	0.0	0.0		2
1.0	1.0		1.0	1.0	1.0	1.0	1.0	148	0.0	0.0	Rv3861,whiB6	2
1.0	0.538961038961039		0.538961038961039	0.538961038961039	0.538961038961039	0.538961038961039	0.538961038961039	184	0.0	0.0		2
3.0	0.463768115942029	0.5039228594409771	0.0	0.1956521739130435	0.391304347826087	0.6956521739130435	1.0	106	0.0	0.0		3
1.0	0.3043478260869565		0.3043478260869565	0.3043478260869565	0.3043478260869565	0.3043478260869565	0.3043478260869565	53	0.0	0.0		2
1.0	0.0		0.0	0.0	0.0	0.0	0.0	2606	0.0	2606.0	Rv0376c,Rv0377,Rv0378	2
1.0	0.0476190476190476		0.0476190476190476	0.0476190476190476	0.0476190476190476	0.0476190476190476	0.0476190476190476	51	0.0	51.0	espI	2
1.0	0.7142857142857143		0.7142857142857143	0.7142857142857143	0.7142857142857143	0.7142857142857143	0.7142857142857143	51	0.0	0.0	espI	2
1.0	0.0		0.0	0.0	0.0	0.0	0.0	81	0.0	81.0	espK	2
6.0	0.0	0.0	0.0	0.0	0.0	0.0	0.0	1565	0.0	1564.0	eccD2,Rv3888c	4
1.0	0.0		0.0	0.0	0.0	0.0	0.0	83	0.0	83.0	PPE69	2
1.0	0.2341356673960612		0.2341356673960612	0.2341356673960612	0.2341356673960612	0.2341356673960612	0.2341356673960612	944	0.0	0.0	Rv3900c	2
1.0	0.0		0.0	0.0	0.0	0.0	0.0	2249	0.0	2249.0	Rv0386,Rv0387c,PPE9	2
1.0	0.0		0.0	0.0	0.0	0.0	0.0	84	0.0	84.0	Rv0393	2
1.0	0.9992469879518072		0.9992469879518072	0.9992469879518072	0.9992469879518072	0.9992469879518072	0.9992469879518072	1358	0.0	0.0	Rv0395	2
3.0	0.9475385618908757	0.08698245072043033	0.8471337579617835	0.9213078428363135	0.9954819277108434	0.9977409638554218	1.0	3200	0.0	0.0	mmpS1	3
2.0	0.0	0.0	0.0	0.0	0.0	0.0	0.0	1569	821.0	1569.0	fadD30	2
1.0	0.9969879518072288		0.9969879518072288	0.9969879518072288	0.9969879518072288	0.9969879518072288	0.9969879518072288	1358	0.0	0.0	pks6	2
1.0	0.9977392614920876		0.9977392614920876	0.9977392614920876	0.9977392614920876	0.9977392614920876	0.9977392614920876	1357	0.0	0.0	bioF2	2
2.0	0.0	0.0	0.0	0.0	0.0	0.0	0.0	2074	1001.0	2074.0	umaA,pcaA	2
6.0	0.6279761904761905	0.4946675685764739	0.0	0.19196428571428573	0.8839285714285714	1.0	1.0	280	0.0	0.0		3
2.0	1.0	0.0	1.0	1.0	1.0	1.0	1.0	112	0.0	0.0		3
2.0	0.0	0.0	0.0	0.0	0.0	0.0	0.0	407	0.0	400.0	Rv0484c	2
12.0	0.4830127765659716	0.4702458820012628	0.0	0.0	0.45014554520257943	1.0	1.0	2996	0.0	0.0	Rv0487,Rv0488	7
1.0	1.0		1.0	1.0	1.0	1.0	1.0	77	0.0	0.0		2
3.0	0.6666666666666666	0.5773502691896258	0.0	0.5	1.0	1.0	1.0	235	0.0	0.0		3
1.0	0.8020833333333334		0.8020833333333334	0.8020833333333334	0.8020833333333334	0.8020833333333334	0.8020833333333334	207	0.0	0.0	regX3	2
1.0	1.0		1.0	1.0	1.0	1.0	1.0	58	0.0	0.0		2
13.0	0.5779092702169625	0.4933943874270667	0.0	0.0	1.0	1.0	1.0	953	0.0	0.0		9
1.0	0.0		0.0	0.0	0.0	0.0	0.0	56	0.0	56.0		2
3.0	0.0808080808080808	0.13996370162172744	0.0	0.0	0.0	0.1212121212121212	0.2424242424242424	126	0.0	42.0	PE_PGRS6	3
2.0	0.4852941176470588	0.6863095229163549	0.0	0.2426470588235294	0.4852941176470588	0.7279411764705882	0.9705882352941176	221	0.0	55.0	PE_PGRS6	2
3.0	0.30769230769230776	0.5329387100211931	0.0	0.0	0.0	0.4615384615384616	0.9230769230769232	639	0.0	466.0	PE_PGRS6	3
1.0	0.0		0.0	0.0	0.0	0.0	0.0	2405	0.0	2405.0	Rv0567,cyp135B1,Rv0569,nrdZ	2
6.0	0.0	0.0	0.0	0.0	0.0	0.0	0.0	8215	0.0	8205.0	nrdZ,Rv0571c,Rv0572c,pncB2,Rv0574c,Rv0575c,Rv0576,TB27.3	4
1.0	0.0		0.0	0.0	0.0	0.0	0.0	111	0.0	111.0	PE_PGRS7	2
1.0	0.0		0.0	0.0	0.0	0.0	0.0	78	0.0	78.0	PE_PGRS7	2
1.0	0.0		0.0	0.0	0.0	0.0	0.0	66	0.0	66.0	PE_PGRS7	2
2.0	0.0	0.0	0.0	0.0	0.0	0.0	0.0	1703	829.0	1703.0	Rv0584	2
3.0	0.0	0.0	0.0	0.0	0.0	0.0	0.0	1383	0.0	1362.0	lprL,mce2F	3
8.0	0.4286889097744361	0.4869401853840362	0.0	0.0	0.24107142857142855	0.9605263157894737	1.0	288	0.0	0.0		6
1.0	0.0		0.0	0.0	0.0	0.0	0.0	120	0.0	120.0	Rv0601c	2
2.0	0.0	0.0	0.0	0.0	0.0	0.0	0.0	565	0.0	564.0	Rv0621	2
1.0	0.0		0.0	0.0	0.0	0.0	0.0	533	533.0	533.0		2
1.0	0.0		0.0	0.0	0.0	0.0	0.0	1286	0.0	1286.0	fabD2,Rv0650	2
1.0	0.0		0.0	0.0	0.0	0.0	0.0	86	0.0	86.0	Rv0654	2
1.0	0.2857142857142857		0.2857142857142857	0.2857142857142857	0.2857142857142857	0.2857142857142857	0.2857142857142857	79	0.0	0.0	vapC7	2
1.0	0.9992469879518072		0.9992469879518072	0.9992469879518072	0.9992469879518072	0.9992469879518072	0.9992469879518072	1358	0.0	0.0		2
1.0	0.7569444444444444		0.7569444444444444	0.7569444444444444	0.7569444444444444	0.7569444444444444	0.7569444444444444	174	0.0	0.0		2
8.0	0.625	0.5175491695067657	0.0	0.0	1.0	1.0	1.0	378	0.0	0.0		7
1.0	0.3333333333333333		0.3333333333333333	0.3333333333333333	0.3333333333333333	0.3333333333333333	0.3333333333333333	54	0.0	0.0		2
1.0	1.0		1.0	1.0	1.0	1.0	1.0	1358	0.0	0.0		2
1.0	0.3333333333333333		0.3333333333333333	0.3333333333333333	0.3333333333333333	0.3333333333333333	0.3333333333333333	54	0.0	0.0	rpsH	2
1.0	0.0		0.0	0.0	0.0	0.0	0.0	119	0.0	119.0	sppA,Rv0724A,Rv0725c	2
6.0	0.010389326334208216	0.025448548290070178	0.0	0.0	0.0	0.0	0.0623359580052493	3200	0.0	88.0	Rv0738,Rv0739,Rv0740,Rv0741,PE_PGRS8	4
40.0	0.3682172585618917	0.4162782588112621	0.0	0.0	0.19188034188034186	0.7936507936507936	1.0	8803	660.0	1471.0	PE_PGRS9,PE_PGRS10	19
2.0	1.0	0.0	1.0	1.0	1.0	1.0	1.0	180	0.0	0.0	PE_PGRS10	1
1.0	0.8333333333333334		0.8333333333333334	0.8333333333333334	0.8333333333333334	0.8333333333333334	0.8333333333333334	90	0.0	0.0	PE_PGRS10	2
14.0	0.3509438648782911	0.4485970027424417	0.0	0.0	0.07272727272727265	0.875	1.0	1234	0.0	263.0	PE_PGRS10	9
7.0	0.7041104128174992	0.4812114029388521	0.0	0.4798125450612834	0.9763593380614656	0.9963942307692308	1.0	3734	0.0	0.0	PPE12,Rv0755A	5
1.0	1.0		1.0	1.0	1.0	1.0	1.0	1358	0.0	0.0		2
1.0	0.0		0.0	0.0	0.0	0.0	0.0	256	0.0	256.0	cyp123	2
