NodeID,SeqLength,N_Asms,N_Occurrences,Jaccard_Cont_WiRv,Jaccard_Cont_WiIS6110,Jaccard_Cont_WiRv_InsSeqAndPhages,IsSVNode,MaxJC_ToOtherNode
FJTMAZPRVD,129,0,0,1.0,0.0,0.0,True,0.0
UTFEASEDAZ,7058,152,152,1.0,0.0,0.0,False,0.0025611838360842347
LGFSHRDBGR,687,152,152,1.0,0.0,0.0,False,0.0654490106544901
OSJIRAGCXW,574,151,151,1.0,0.0,0.0,True,0.0
ELULSJQAGV,110,0,0,0.6375,0.0,0.0,True,0.025
VPZWDQIJFV,455,152,152,1.0,0.0,0.0,False,0.0
TXDMKVICTP,13804,152,152,0.99099753158124,0.0,0.0,False,0.0
RVLKLWMJHG,136,0,0,1.0,0.0,0.0,True,0.1320754716981132
TBDGDVRAYM,4822,152,152,0.998330550918197,0.0,0.0,False,0.0
GAFJQYTNYN,285,83,83,1.0,0.0,0.0,True,0.01568627450980392
PBCOBFZSJC,499,150,150,1.0,0.0,0.0,True,0.0
LHGNEQTWJP,119,0,0,0.9101123595505618,0.0,0.0,True,0.11235955056179775
XCAGXWMLGJ,2287,152,152,1.0,0.0,0.0,False,0.0
JHACCKWCAM,138,0,0,0.0,0.0,0.0,True,0.0
UGHNXKUHCM,551,82,82,1.0,0.0,0.0,True,0.026871401151631478
KJQKUETHZU,108,0,0,1.0,0.0,0.0,True,1.0
AWFTKSIVJF,252,137,137,1.0,0.0,0.0,True,0.08108108108108109
HOTRKEQZTT,109,0,0,0.02531645569620253,0.0,0.0,True,0.7974683544303798
CFFAKFFBKQ,136,0,0,1.0,0.0,0.0,True,0.0
DLZZQXDVFP,109,0,0,0.7848101265822784,0.0,0.0,True,0.7848101265822784
PSAOLHPYIB,2563,152,152,1.0,0.0,0.0,False,0.0
XVFXUWTKNJ,115,0,0,0.9411764705882353,0.0,0.0,True,0.4
SWAXPBZWPX,177,0,0,0.006802721088435374,0.0,0.0,True,0.4557823129251701
OONJEGASBY,22046,152,152,0.9908941904935349,0.0,0.0,False,0.0
XSHTQRRQSG,1175,151,151,1.0,0.0,0.0,True,0.013100436681222707
RPLHVNWOCG,4319,152,152,0.9783166239216601,0.0,0.0,False,0.0
GAZQSUEUFS,78,0,0,1.0,0.0,0.0,True,1.0
HAFWBMXWTA,152,0,0,1.0,0.0,0.0,True,0.0
JAICNOQMSG,1060,137,137,1.0,0.0,0.0,True,0.0
JFBPNPEBBB,8187,152,152,0.9885987495402722,0.0,0.0,False,0.001471129091577786
APRDKQFEPD,587,152,152,1.0,0.0,0.0,False,0.0
ZLPOAGOBHF,6715,152,152,0.999700822737472,0.0,0.0,False,0.0
AHNQTTRJNR,10627,152,152,0.998207039728225,0.0,0.0012267622912144947,False,0.000283098990280268
BFEGTBUEQV,3302,152,152,0.9810513447432763,0.0,0.0,False,0.0
SYNUZDBIHE,3477,152,152,1.0,0.0,0.0,False,0.0
SHSVXLSRES,78,0,0,1.0,0.0,0.0,True,1.0
DGSCAXPKBW,281,150,150,1.0,0.0,0.0,True,0.0
SNBTNQAEPF,126,0,0,1.0,0.0,0.0,True,0.0
DMWVQTKUQT,829,1,1,0.0,0.0,0.0,True,0.0
WWIETWSUIY,146,0,0,0.7090909090909091,0.0,0.0,True,0.4
AXZRGFLYHR,102,0,0,1.0,0.0,0.0,True,0.8472222222222222
LCFBTRSVWF,121,0,0,0.0,0.0,0.0,True,0.0
DIEIANTVBG,673,151,151,1.0,0.0,0.0,True,0.003110419906687403
PBIMEEUAYR,126,0,0,1.0,0.0,0.0,True,0.0
MRUHGXOANV,101,0,0,1.0,0.0,0.0,True,0.0
WCTKSCYSCH,170,0,0,1.0,0.0,0.0,True,0.15
PBJVCZKUPC,1603,152,152,1.0,0.0,0.0,False,0.0
PCGYNYXSDM,1153,1,1,0.0,0.0,0.0,True,0.0
MHPYSPKUKF,145,0,0,1.0,0.0,0.0,True,0.0
VDDSYSADDM,128,0,0,0.6836734693877551,0.0,0.0,True,0.0
COACPSZOQQ,20870,152,152,0.9925623800383877,0.0,0.0,False,0.0002399232245681382
TBGFVMISXU,2305,151,151,0.9727472527472527,0.0,0.0,True,0.0
PXCHOJFOLS,545,152,152,0.883495145631068,0.0,0.0,False,0.017475728155339806
PCRUYGWYGV,438,151,151,1.0,0.0,0.0,True,0.03676470588235294
UDHFWTISAD,1307,151,151,1.0,0.0,0.0,True,0.0
RKSJNEPUZA,2567,152,152,1.0,0.0,0.0,False,0.0
RYNQBFITTX,8322,152,152,0.9962592011584409,0.0,0.0,False,0.00229274767708459
WYBOCFDRXU,78,0,0,1.0,0.0,0.0,True,1.0
TRUYAMECCL,296,152,152,1.0,0.0,0.0,False,0.0
JFQXKKPPZI,123,0,0,0.8064516129032258,0.0,0.0,True,0.3763440860215054
TECNGJYNLI,2685,152,152,0.9883239171374765,0.0,0.0,False,0.0007532956685499058
JLDGIEGCMT,110,0,0,0.85,0.0,0.0,True,0.85
IAHZANRJZW,1123,152,152,0.9716376944190301,0.0,0.0,False,0.0
FCCUAMCGCN,180,0,0,1.0,0.0,0.0,True,0.0
WGCYDGOPHI,2358,151,151,0.9866838487972509,0.0,0.0,True,0.0
LAGZPHJQVD,139,0,0,1.0,0.0,0.0,True,0.0
HKUAERKKUR,118,0,0,1.0,0.0,0.0,True,0.0
EQAUZBAYLF,1130,1,1,0.0,0.0,0.0,True,0.0
ASCCTVSUVT,1249,151,151,1.0,0.0,0.0,True,0.0
SWTSKDIQPW,127,0,0,1.0,0.0,0.0,True,0.0
UVIPPUNGOS,295,151,151,1.0,0.0,0.0,True,0.0
OIIISOZMQW,112,0,0,0.2777777777777778,0.0,0.0,True,1.0
MGEIRJGGYK,364,150,151,1.0,0.0,0.0,True,0.0
DXQBQRSLMM,779,152,152,1.0,0.0,0.0,False,0.0
EYYYGKQWOC,129,0,0,0.6767676767676768,0.0,0.0,True,0.2727272727272727
ITIBXSYLSM,123,0,0,1.0,0.0,0.0,True,0.0
ILZZCEALKM,371,152,152,1.0,0.0,0.0,False,0.0
AMQUQQGLLN,126,0,0,0.03125,0.0,0.0,True,0.03125
YCRJVEHHSM,277,150,150,1.0,0.0,0.0,True,0.016194331983805668
IFSPMUUMPA,531,1,1,0.0,0.0,0.0,True,0.0
ISYZCEXXRN,148,0,0,1.0,0.0,0.0,True,0.0
DOYHLMEYNM,168,0,0,1.0,0.0,0.0,True,0.0
LDMNCISUWO,293,149,149,1.0,0.0,0.0,True,0.2585551330798479
AAOLTDTFGG,326,73,73,1.0,0.0,0.0,True,0.0
HXMMNMZLMB,214,152,152,1.0,0.0,0.0,False,0.0
LQSCCIQEEF,184,0,0,1.0,0.0,0.0,True,0.0
DPAACAVFSL,768,152,152,1.0,0.0,0.0,False,0.015130674002751032
DDLBQSRBLD,193,0,0,1.0,0.0,0.0,True,0.1656441717791411
NYTCYRGBOU,103,0,0,1.0,0.0,0.0,True,0.0
NVKQRMVEDN,1444,149,149,1.0,0.0,0.0,True,0.0
HJRUEAIAYV,114,0,0,0.6842105263157895,0.0,0.0,True,0.6842105263157895
HPXZGHBFAV,236,1,1,0.0,0.0,0.0,True,0.0
GFVMNCKQCD,4049,152,152,1.0,0.0,0.0,False,0.0
ABHJDLHENR,1883,149,149,0.9832703723691312,0.0,0.0,True,0.0
TRTRCMGFFV,2251,151,151,0.9234579018460153,0.0,0.0,True,0.0
JSQPEUHJRP,167,0,0,1.0,0.0,0.0,True,0.0
RGWVHQTSSH,1587,149,149,0.9800899165061014,0.0,0.0,True,0.0
VLFNJAOJJW,407,152,152,0.9177718832891246,0.0,0.0,False,0.0
WBDTNAKMZZ,1747,148,148,1.0,0.0,0.0,True,0.0
OAJXKTLUNM,11061,152,152,0.9915692140331792,0.0,0.0,False,0.0
HGCFHJZMKS,203,152,159,1.0,0.0,0.0,False,0.0
NFYSXEFATZ,9824,152,152,0.9968347968143761,0.0,0.0,False,0.0
WXAIWQKOUK,105,0,0,1.0,0.0,0.0,True,0.72
SNKQZBSGQD,904,150,150,0.9290617848970252,0.0,0.0,True,0.0
JZSVBBLWHK,118,0,0,1.0,0.0,0.0,True,0.3559322033898305
IPBXHNAWAI,170,0,0,0.55,0.0,0.0,True,0.3
HGEUGVLBQV,140,0,0,0.0,0.0,0.0,True,0.0
BDLUIFZTTK,463,147,197,1.0,0.0,0.628175519630485,True,0.0
UKJLXXTXEK,521,151,151,0.9327902240325866,0.0,0.0,True,0.0
XJLULWQKKJ,2829,151,151,1.0,0.0,0.0,True,0.0
XNWPNPAYAD,137,0,0,1.0,0.0,0.0,True,0.411214953271028
YMEJPRDWVH,326,152,152,1.0,0.0,0.0,False,0.0
CUSFNPTZSU,168,0,0,0.10606060606060606,0.0,0.0,True,0.07575757575757576
AHFWLSLFOC,949,1,1,0.060935799782372145,0.0,0.0,True,0.060935799782372145
DAANKZREWK,110,0,0,0.5375,0.0,0.0,True,0.5375
JFEMDIKFJO,11102,152,152,0.9972001445086706,0.0,0.0,False,0.0
XEUNLLAVBC,208,150,150,1.0,0.0,0.0,True,0.0
YTHXTSBSDZ,149,0,0,0.7983193277310925,0.0,0.0,True,0.0
ZEPPKGRDKW,1994,152,152,1.0,0.0,0.0,False,0.0
LYSWGYMLSV,124,0,0,1.0,0.0,1.0,True,0.1595744680851064
MPZQKDYHHD,3884,152,152,1.0,0.0,0.0,False,0.0
SPQEJJACSV,621,152,274,1.0,0.0,0.0,False,0.01353637901861252
VZFHKZONHN,1527,151,151,1.0,0.0,0.0,True,0.0
IYXNCKZEVP,699,152,152,0.953662182361734,0.0,0.0,False,0.0
HLMYRDXLCJ,10057,152,152,0.981450084771118,0.0,0.0,False,0.0008975765433330009
KMXKAWAZCC,3043,150,150,1.0,0.0,0.0,True,0.0
GWZXFSRXNO,346,152,457,1.0,0.0,0.0,False,0.0
ODVRADDCCP,1199,151,151,1.0,0.0,0.0,True,0.02480752780153978
AQXRDYGJVB,1372,146,146,1.0,0.0,0.0,True,0.0
BNQJYGGPJA,106,0,0,1.0,0.0,0.0,True,1.0
JDGVHPQWYW,125,0,0,0.9894736842105263,0.0,0.0,True,0.43157894736842106
BPPSIBVCUD,132,0,0,1.0,0.0,0.0,True,0.0
MWWKOVVYMK,2830,151,151,1.0,0.0,0.10821428571428572,True,0.0
JWCCMTHBMA,1232,152,303,0.9742096505823628,0.0,0.0,False,0.0
DXHQNKFVDQ,201,150,150,1.0,0.0,0.0,True,0.0
JCZGODXCCZ,404,146,162,1.0,0.0,0.0,True,0.058823529411764705
WTJFXZODMT,161,0,0,0.6129032258064516,0.0,0.0,True,0.4596774193548387
TGVEUNTRMZ,107,0,0,1.0,1.0,1.0,True,0.0
LBFVTAZIOU,939,151,171,1.0,0.0,0.0,True,0.0407040704070407
TRUQMZGKCX,139,0,0,0.9705882352941176,0.0,0.0,True,0.3137254901960784
RPKRLBOMIK,34877,152,152,0.9955486631630338,0.0,0.0,False,0.0
AAFCAGMFFC,218,16,16,0.11428571428571428,0.0,0.0,True,0.25142857142857145
USCVCMANJI,3749,152,152,0.9922022048937886,0.0,0.0,False,0.0
YVLYWJFSVP,18222,152,152,0.9899406332453826,0.0,0.0,False,0.0010993843447669306
UOOYZJGAQW,1422,146,146,0.9978213507625272,0.0,0.0,True,0.037037037037037035
ODPXCPIBGW,109,0,0,0.4430379746835443,0.0,0.0,True,0.7341772151898734
HAHNQXEBTE,271,143,145,0.9953917050691244,0.0,0.0,True,0.0
FBOZFLMEPY,119,0,0,1.0,0.0,0.0,True,0.6067415730337079
EGUUIQPLBT,107,0,0,1.0,0.0,0.0,True,0.3116883116883117
CUQQIXIKXL,189,0,0,1.0,0.0,0.0,True,0.0
DFVLYOHHWY,414,152,152,0.9348958333333334,0.0,0.0,False,0.033854166666666664
YHVCWSAPPV,120,0,0,1.0,0.0,0.0,True,0.3333333333333333
INTRFJKHAY,781,147,147,1.0,0.0,0.0,True,0.017310252996005325
NCWGOBKDCN,106,0,0,1.0,0.0,0.0,True,0.14473684210526316
NZWAHYFLKA,4280,152,152,1.0,0.0,0.0,False,0.00047058823529411766
FQHIANKJFB,104,0,0,0.5405405405405406,0.0,0.0,True,0.0
HBKMQNVOYO,3185,152,152,1.0,0.0,0.0,False,0.0
YPKZYRNDFU,174,0,0,1.0,0.0,0.0,True,0.16666666666666666
BTKHVZHVYN,118,0,0,0.6590909090909091,0.0,0.0,True,0.045454545454545456
SQXPDWNAFE,368,152,305,0.8727810650887574,0.0,0.0,False,0.0
BHAUZYKVHU,405,152,304,0.728,0.0,0.0,False,0.0
TWPTFMQFLZ,18292,152,152,0.9932647026612639,0.0,0.09303471689847771,False,0.0
TDCZQLUJCK,1110,21,21,0.0,0.0,0.0,True,0.0
DRWQSSUNWI,105,0,0,1.0,0.0,0.0,True,0.0
OUFZVEXAZO,8771,152,152,0.9964534950234527,0.0,0.0,False,0.0
PEGPEJTZCG,393,151,151,1.0,0.0,0.0,True,0.0
NJEBBBFUAM,292,63,64,1.0,0.0,0.0,True,0.0
TDAEFCCFUD,356,89,89,1.0,0.0,0.0,True,0.0
EEKMAJALXK,366,152,306,1.0,0.0,0.0,False,0.16071428571428573
UHKQHISWZF,993,150,150,1.0,0.0,0.0,True,0.0
GEZBIDKRTG,314,152,301,0.9823943661971831,0.0,0.8838028169014085,False,0.12323943661971831
OZBIRDWWEO,904,152,152,1.0,0.0,0.0,False,0.0
PDGGVOQMLK,113,0,0,1.0,0.0,0.0,True,0.5974025974025974
VJNQNHKTVC,131,0,0,1.0,0.0,0.0,True,0.5742574257425742
PPCGRXUHQU,379,152,152,1.0,0.0,0.0,False,0.0
BDEUTOCIAD,691,152,152,0.9606656580937972,0.0,0.0,False,0.0
UBBHECYFNU,901,151,151,0.9644087256027555,0.0,0.0,True,0.0642939150401837
BWGVNYDIJA,208,145,145,0.9213483146067416,0.0,0.0,True,0.0898876404494382
QAIPQFFRDF,155,0,0,0.304,0.0,0.0,True,0.36
LJAVVIDCEI,256,152,167,0.8628318584070797,0.0,0.0,False,0.017699115044247787
MZMBPGLMDU,1279,152,152,1.0,0.0,0.0,False,0.0
TSZZGMCLJT,225,103,103,1.0,0.0,0.0,True,0.12307692307692308
ODOLGCWJJJ,104,0,0,1.0,0.0,0.0,True,0.3918918918918919
UUWEVVOLSI,749,151,151,1.0,0.0,0.0,True,0.0
YSSIYVSUSI,87,0,0,0.17543859649122806,0.0,0.0,True,0.6140350877192983
QWMMZVSQLT,284,152,304,1.0,0.0,0.0,False,0.0
TNKFSWDYEG,116,0,0,1.0,0.0,0.0,True,0.7215189873417721
QAUKBOZJJD,1040,149,149,1.0,0.0,0.0,True,0.0
SFJWOSYKEA,1195,89,89,1.0,0.0,0.0,True,0.008583690987124463
FOCSJECVQY,647,150,150,1.0,0.0,0.0,True,0.0
KIHYTOHYPB,4067,152,152,0.9774585087936587,0.0,0.0,False,0.0
NTRMURCKNU,1808,141,141,1.0,0.0,0.0,True,0.0
YKIEXCNMDK,202,152,304,0.6395348837209303,0.0,0.0,False,0.005813953488372093
EDPJIDJXJZ,940,152,152,1.0,0.0,0.0,False,0.0
AZKRTEIUKI,396,122,216,1.0,0.0,0.0,True,0.00546448087431694
AARBPZIGIP,875,149,149,1.0,0.0,0.0,True,0.0
PHGVXVVKMY,171,0,0,0.0,0.0,0.0,True,0.0
QDPIWRUKND,1681,152,152,0.9830405814657783,0.0,0.0,False,0.0
QMEBRJKQBH,830,151,151,1.0,0.0,0.0,True,0.0
BUFCIYQOCO,108,0,0,0.2777777777777778,0.0,0.0,True,0.2777777777777778
BOLUVLZRMS,190,0,0,0.80625,0.0,0.0,True,0.0375
DCVUUAPZXH,338,151,285,0.8896103896103896,0.0,0.0,True,0.0
TEGLQYXHYX,44750,152,152,0.9979203935599285,0.0,0.0,False,0.00029069767441860465
XMASWPHQVK,121,0,0,1.0,0.0,0.0,True,0.0
PVDGMLZHOT,198,0,0,1.0,0.0,0.0,True,0.0
JPOCWAQVZT,29521,152,152,0.9978976636940083,0.0,0.02939879963378658,False,0.0003729951510630362
ODHBWBHZDB,20044,152,152,0.9938043369641251,0.0,0.0,False,0.00034975517138003396
XZMDPWKFBA,979,147,147,1.0,0.0,0.0,True,0.003161222339304531
FCROPFKWNQ,5202,151,151,0.9864655839133797,0.0,0.0,True,0.0
OKTASDRCDY,1363,152,154,1.0,0.0,0.0,False,0.0
TJKPNKYFDC,143,0,0,0.125,0.0,0.0,True,0.08928571428571429
DYGIUXGYLP,4612,152,152,0.9997817546922741,0.0,0.0,False,0.0
JEXKWILLJA,423,152,153,1.0,0.0,0.0,False,0.022900763358778626
WMPXEXYDNU,351,152,152,1.0,0.0,0.0,False,0.0
MHCZEDEPTR,2902,142,142,0.9892061281337048,0.0,0.0,True,0.0
LGKCHJYFLS,120,0,0,1.0,0.0,0.0,True,0.0
UYUARFNLDT,115,0,0,1.0,0.0,0.0,True,0.5176470588235295
GLAKEMRSOC,1947,142,142,0.0,0.0,0.0,True,0.0
XMJXUKQVQY,107,0,0,1.0,0.0,0.0,True,0.14084507042253522
FIWJHGHXCI,20334,152,152,0.9938928289992119,0.0,0.0,False,0.0010835303388494878
RUAMCMTRUE,5545,152,152,0.9943789664551224,0.0,0.0,False,0.0
CPIXDPCWVI,655,151,151,1.0,0.0,0.0,True,0.0
MSPBLOPCLB,22704,152,152,0.9932962864955456,0.0,0.0,False,0.0
YIRHKGPXLR,106,0,0,1.0,0.0,0.0,True,0.24528301886792453
THTASFVVAD,110,0,0,0.17567567567567569,0.0,0.0,True,0.12162162162162163
KZICQNGEZQ,21768,152,152,0.9942957033765756,0.0,0.0,False,0.0008280430582390284
RVOTIJBDTT,146,0,0,1.0,0.0,0.0,True,0.0
PAWEWMGTXF,108,0,0,1.0,0.0,0.0,True,0.0
DRNNLVVWMV,6062,152,152,1.0,0.0,0.0,False,0.0
CLXXTNZRKM,126,0,0,1.0,0.0,0.0,True,0.5238095238095238
JPUQECCOFQ,5087,152,152,1.0,0.0,0.0,False,0.0
DMTYRPFGJU,3529,152,152,0.9825664475564447,0.0,0.0,False,0.0
BVZTXJUSVP,1742,152,152,0.981892523364486,0.0,0.0,False,0.0
SCHOXJXVVB,174,0,0,0.0,0.0,0.0,True,0.0
NIAJRVWYJB,165,0,0,1.0,0.0,0.0,True,0.0
VLHBMOHCLG,14868,152,152,0.9916430785820192,0.0,0.06699016039897561,False,0.0002021835826930853
YBQFKZCSMD,39961,152,152,0.9937892865192457,0.0,0.008189126242768777,False,0.0003005183942300468
OXZCQJOVUK,182,0,0,0.9013157894736842,0.0,0.0,True,0.4473684210526316
QIKUCNSXMG,213,144,144,1.0,0.0,0.0,True,0.15
ZXYAGODNIP,213,149,149,1.0,0.0,0.0,True,0.0
JBFSCYQPYF,356,152,153,1.0,0.0,0.0,False,0.0
ACNRDCXBSW,144,0,0,0.14018691588785046,0.0,0.0,True,0.40186915887850466
UKGDNJEKUQ,35673,152,152,0.9966052240271582,0.0,0.0,False,0.00042083999663328003
JOLRJVFEFG,141,0,0,0.7207207207207207,0.0,0.0,True,0.0
IMKUGZJSKC,500,152,296,1.0,0.0,0.0,False,0.0
EPVLIEQMZC,7734,152,152,1.0,0.0,0.0,False,0.0
OAYKEQNNHT,3820,152,152,1.0,0.0,0.0,False,0.0
HHSSLQYHDO,4004,1,1,0.0002516356316054353,0.0,0.0,True,0.0002516356316054353
HXPIDLDMIP,5293,152,152,1.0,0.0,0.0,False,0.0
CZTAESYUJQ,8656,152,152,0.9964062137723163,0.0,0.0,False,0.0
EEFFCXRUNZ,1534,151,151,1.0,0.0,0.0,True,0.0
OQMZXOUVGX,2441,152,152,1.0,0.0,0.0,False,0.0
LEAUQOTRVQ,423,149,149,0.9211195928753181,0.0,0.0,True,0.0
KFIEDJNWNF,119,0,0,0.0,0.0,0.0,True,0.42028985507246375
PXDIOXLKGI,11019,152,152,1.0,0.0,0.0,False,0.0
BUKQPVFQIC,10076,152,152,0.9963169420664941,0.0,0.0,False,0.0005972526378658173
MGOPVNJWGL,652,145,145,1.0,0.0,0.0,True,0.0
PXQQCGLMRJ,141,0,0,1.0,0.0,0.0,True,0.04504504504504504
GVRWCXKIZL,137,0,0,1.0,0.0,0.0,True,0.0
EPTQXQUMBM,1250,127,127,0.0,0.0,0.0,True,0.0
KXPCEKBWGP,36274,152,152,0.9948681161019755,0.0,0.0,False,0.0004138616046793952
VQYNTHSMXJ,9849,152,152,0.996842855687952,0.0,0.0,False,0.0
CKUYYENYRK,7100,152,152,0.9956152758132956,0.0,0.0,False,0.0
YJLAVWGYEG,681,1,1,0.0,0.0,0.0,True,0.0
JREXTPSFVY,4539,152,152,0.9931248613883344,0.0,0.0,False,0.0
MTQSDXZBGA,127,0,0,1.0,0.0,0.0,True,0.41237113402061853
VRRGGTGXVX,105,0,0,1.0,0.0,0.0,True,0.8142857142857143
RXVEMDDEZE,106,0,0,1.0,0.0,0.0,True,0.9078947368421053
RBZLDUJKYX,2606,145,145,0.9879658385093167,0.0,0.0,True,0.0
YWQEJLJNFD,282,151,151,1.0,0.0,0.0,True,0.0
DNALMWGUHR,787,1,1,0.0,0.0,0.0,True,0.0
TSAUWRMMIE,127,0,0,0.7010309278350515,0.0,0.0,True,0.29896907216494845
UZJTVZNXJO,113,0,0,1.0,0.0,0.0,True,0.0
JPHVSBMAGT,129,0,0,0.6868686868686869,0.0,0.0,True,0.0
CPSEHTTBKV,535,152,152,0.9108910891089109,0.0,0.0,False,0.10891089108910891
XIEZLIULSZ,343,151,151,1.0,0.0,0.0,True,0.0
CANDHMKRDN,1185,152,152,1.0,0.0,0.0,False,0.0
DEDEZIPYVQ,11604,152,152,0.9946431657162605,0.0,0.0,False,0.0019008121651978573
YWCWIDDIWE,198,0,0,1.0,0.0,1.0,True,0.0
AMKYJUKGYR,1289,149,149,1.0,0.0,0.0,True,0.013502779984114376
NUYCGMRCWT,477,151,151,1.0,0.0,0.0,True,0.0
DORBVHMUPK,116,0,0,1.0,0.0,0.0,True,0.7375
XZDFEDAOML,3326,152,152,0.9905946601941747,0.0,0.0,False,0.0
FUMIOMIRMV,922,152,152,1.0,0.0,0.0,False,0.0
XDCPVEIMDX,1061,151,151,1.0,0.0,0.0,True,0.014548981571290009
OFVSQAQXMF,835,1,1,0.0,0.0,0.0,True,0.0012422360248447205
OGTIWOMGNM,56,0,0,1.0,0.0,0.0,True,0.0
ITYPKDSTDH,199,0,0,1.0,0.0,0.0,True,0.0
QTJCNLQPHW,61646,152,152,0.9947567488596335,0.0,0.0,False,0.0
ECKKQNDBMZ,15614,152,152,0.9980107802874744,0.0,0.0,False,0.00044917864476386036
QPAJUIQQRC,406,150,150,1.0,0.0,0.0,True,0.0
VDMVBGOTLK,126,0,0,0.0,0.0,0.0,True,0.0
ZOHXSTCYWZ,2170,117,117,0.025233644859813085,0.0,0.0,True,0.007009345794392523
JJGFMZKVHW,108,0,0,0.0,0.0,0.0,True,0.08928571428571429
VDQAVWUXZI,602,147,147,1.0,0.0,0.0,True,0.0
STEZZOCHVG,881,151,151,1.0,0.0,0.0,True,0.0
TOMSIGAOHF,128,0,0,1.0,0.0,0.0,True,0.3469387755102041
FIOHCRXBMB,1343,152,152,1.0,0.0,0.0,False,0.005331302361005331
OVVUTBVEHT,161,0,0,1.0,0.0,0.0,True,0.4351145038167939
TVNPKPTLMH,3413,152,152,1.0,0.0,0.0,False,0.0
EJCQKNJHTJ,3226,152,152,1.0,0.0,0.0,False,0.0
JOMSLRYELH,2404,140,140,1.0,0.0,0.0,True,0.0
JBRVXYRAJU,2981,135,135,1.0,0.0,0.9230769230769231,True,0.0
JSYCLDMCIK,15433,152,152,0.9922742322924105,0.0,0.0,False,0.0005193793416866844
QGAJRTRRXW,547,152,152,1.0,0.0,0.0,False,0.0
ZCMGQYIHKR,622,151,151,1.0,0.0,0.0,True,0.0
VIWXICUIDC,715,152,152,1.0,0.0,0.0,False,0.008759124087591242
ROEBNJXGPD,34832,152,152,0.9973277397850698,0.0,0.0,False,0.00022987184644560657
TMUZFATYNA,779,152,152,1.0,0.0,0.0,False,0.0
ZYIUIIERSR,3736,152,152,1.0,0.0,0.0,False,0.0
HYJLZXNUVB,1895,152,152,1.0,0.0,0.0,False,0.02918918918918919
XGTKGQGZWD,121,0,0,0.8307692307692308,0.0,0.0,True,0.8153846153846154
LLSQOEZDNU,1261,148,148,0.974817221770918,0.0,0.0,True,0.017871649065800164
ZYILTDDNVC,128,0,0,1.0,0.0,0.0,True,0.6847826086956522
GBSXDCYWIR,819,146,146,1.0,0.0,0.0,True,0.0
FMMXBRRVXE,581,151,151,1.0,0.0,0.0,True,0.0
OEGHQMGXHR,269,151,151,1.0,0.0,0.0,True,0.0
TKKMPIJMZG,152,0,0,1.0,0.0,0.0,True,0.0
MENYLFWIIE,195,0,0,0.8606060606060606,0.0,0.0,True,0.14545454545454545
SIQMXNDQEA,145,0,0,1.0,0.0,0.0,True,0.0782608695652174
MZHZHYQHCB,148,0,0,1.0,0.0,0.0,True,0.0
OAJDRDALCO,6605,152,152,0.9913307984790874,0.0,0.049125475285171104,False,0.0
ZRYDDZBMNH,890,152,152,1.0,0.0,0.0,False,0.0
OCHXHMZHQU,126,0,0,1.0,0.0,0.0,True,0.0
BVIKDBKAIA,11971,152,152,0.9948021462105969,0.0,0.147719651240778,False,0.00016767270288397049
YMISSODKIW,11330,152,152,0.9945132743362832,0.0,0.0,False,0.0018584070796460177
FJVDMBDWOL,7115,152,152,1.0,0.0,0.0,False,0.0
TABWQWMIUA,5856,152,152,0.9946790250600756,0.0,0.0,False,0.0
XIRZXAPBIG,516,152,152,1.0,0.0,0.0,False,0.0
PJPPJNJTVL,1521,151,151,1.0,0.0,0.0,True,0.0
JCOXWAXECS,214,94,115,1.0,0.0,0.0,True,0.0
OWZLWMVTMS,165,0,0,1.0,0.0,0.0,True,0.0
JEIYYQGOVM,8202,152,152,0.9768722466960352,0.0,0.0,False,0.0
PHCQDNBOFR,215,76,76,0.9351351351351351,0.0,0.0,True,0.32432432432432434
UXTTLHMQSP,206,152,152,1.0,0.0,0.0,False,0.0
NMKCPBHXND,118,0,0,1.0,0.0,0.0,True,0.0
YUJXSCNAJU,145,0,0,1.0,0.0,0.0,True,0.6266666666666667
PKNKQYIRXT,195,0,0,1.0,0.0,0.0,True,0.11688311688311688
DOYASGQVBX,266,152,295,0.9830508474576272,0.0,0.0,False,0.0
CWITUDXDIZ,78,0,0,1.0,0.0,0.0,True,1.0
BEAUBZXDPL,115,0,0,1.0,0.0,0.0,True,0.0
VDCJOBYQVA,659,152,152,0.9507154213036566,0.0,0.0,False,0.0
JGTWYPLKNL,940,1,1,0.0,0.0,0.0,True,0.0
XCODVMHLSJ,51244,152,152,0.9945511005214538,0.0,0.0,False,0.0
ITBKQYRTWD,586,152,503,0.9946043165467626,0.0,0.0,False,0.0
PNBEHIJKUQ,78,0,0,1.0,0.0,0.0,True,1.0
QGKKZUZRQU,3336,152,152,0.9978826376285541,0.0,0.0,False,0.0
OCAHBDNLWS,2971,63,64,0.9894593675620538,0.0,0.0,True,0.0
NFCLHRQVON,764,151,151,1.0,0.0,0.0,True,0.0
YGHOGQVJDK,110,0,0,1.0,0.0,0.0,True,0.9827586206896551
MIBYXQSSTT,113,0,0,1.0,0.0,0.0,True,0.12987012987012986
NGEWYUQFAL,369,140,140,0.0,0.0,0.0,True,0.0
XWYQZNIEAX,5177,152,152,1.0,0.0,0.0,False,0.0
WBDKISXACN,5449,152,152,1.0,0.0,0.17217198745155932,False,0.0
ZMIOTTQXII,2835,152,152,1.0,0.0,0.0,False,0.0
FDMZUXOVDS,6730,152,152,0.9907462686567164,0.0,0.0,False,0.0
OIASIGOWOA,387,145,145,1.0,0.0,0.0,True,0.0028011204481792717
APWWSEMILI,4026,152,152,1.0,0.0,0.0,False,0.010760760760760761
KEJBOJSPAT,19514,152,152,0.9903470938591087,0.0,0.0,False,0.0
QFBAEBOVVH,222,149,150,1.0,0.0,0.0,True,0.0
QDDOARELQH,1180,137,137,1.0,0.0,0.0,True,0.0026086956521739132
XLZCLURYSY,1056,152,152,1.0,0.0,0.0,False,0.0
YNMVIBLVHT,134,0,0,1.0,0.0,0.0,True,0.0
IHFQSMIZOO,244,151,151,1.0,0.0,0.0,True,0.0
PEFQVWSMUF,10084,152,152,0.9938320732192598,0.0,0.0,False,0.0
ADEAGMBYXO,1270,152,152,1.0,0.0,0.0,False,0.0
JTXZKDAKMU,137,0,0,0.9626168224299065,0.0,0.0,True,0.34579439252336447
CZPYJQMCEO,720,6,6,0.014598540145985401,0.0,0.0,True,0.016058394160583942
NWGWTMLITS,109,0,0,0.8,0.0,0.0,True,0.35714285714285715
SMONMQNTCT,741,151,151,0.9563994374120957,0.0,0.0,True,0.0
IDCEDXSLUH,361,152,152,1.0,0.0,0.0,False,0.0
FEYJGFLLVQ,108,0,0,0.859375,0.0,0.0,True,0.859375
HSNLFALQBF,78,0,0,1.0,0.0,0.0,True,1.0
CPKNFAKZZO,242,149,149,1.0,0.0,0.0,True,0.02830188679245283
KDNIARABRN,123,0,0,1.0,0.0,0.0,True,0.0
PBUYZUGFBI,4495,152,152,0.9791713325867861,0.0,0.0,False,0.0
UBLURXUCTO,4249,152,152,0.9864896894998815,0.0,0.0,False,0.0
ZUEBOZCPLU,120,0,0,1.0,0.0,0.0,True,0.07777777777777778
SVFXLWTING,4151,152,152,0.9924775539917495,0.0,0.0,False,0.0012132977432661976
OMIZQZMIFE,113,0,0,0.8795180722891566,0.0,0.0,True,0.0
OTHVURAABB,105,0,0,0.0,0.0,0.0,True,0.0
VOFXNJZIUV,116,0,0,1.0,0.0,0.0,True,1.0
CLQEWNQABW,12946,152,152,0.9975998761226386,0.0,0.0,False,0.0005419634561783834
IRUCFIXTDO,177,0,0,0.9868421052631579,0.0,0.0,True,0.0
ZGAKNOCSYN,1200,151,151,1.0,0.0,0.0,True,0.002564102564102564
LCEADKGNWO,168,0,0,1.0,0.0,0.0,True,0.0
YKBJNROVUT,1040,152,456,0.8772277227722772,0.0,0.0,False,0.0019801980198019802
GUYNLZFIEG,1350,151,151,1.0,0.0,0.0,True,0.0
UGLYSLQMGN,359,123,126,0.0,0.0,0.0,True,0.0
DWPLDLWWUP,5348,152,152,1.0,0.0,0.0,False,0.0
UWCBRHSZMA,172,0,0,1.0,0.0,0.0,True,0.0
UZUZNGDIXQ,28588,152,152,0.9924364451292107,0.0,0.0,False,0.00014006583094054205
GSWGKKKOQI,214,106,106,1.0,0.0,0.0,True,0.0
QZHXEPSEGC,889,152,152,1.0,0.0,0.969732246798603,False,0.0
LILOZCSPYG,1113,152,152,1.0,0.0,0.0,False,0.0
BULCMTDKOY,28423,152,152,0.9956327263762195,0.0,0.0,False,0.0
OMVTYYBQDH,754,1,1,0.0,0.0,0.0,True,0.032577903682719546
RTPFNGUWJH,15059,152,152,1.0,0.0,0.0,False,0.0028617063756155997
YKRCKYXTPP,21015,152,152,0.9926137717417203,0.0,0.0,False,0.0
MHXMLPQZFI,78,0,0,1.0,0.0,0.0,True,1.0
PIJPOLSOJE,114,0,0,1.0,0.0,0.0,True,0.0
RZOYSUPUYX,256,146,288,1.0,0.0,0.0,True,0.035398230088495575
WJNZKTSEIC,113,0,0,1.0,0.0,0.0,True,0.0
HWDHQGRYSO,956,151,151,1.0,0.0,0.0,True,0.0
KCTOGJDCQO,1616,150,150,0.980453972257251,0.0,0.0,True,0.0
ITEXHIOCHD,126,0,0,0.875,0.0,0.0,True,0.40625
LLKSEEQYRO,2586,152,152,0.9757433489827856,0.0,0.0,False,0.0
PRZVLLHYJN,227,151,151,1.0,0.0,0.0,True,0.0
PTXOFYOQIH,272,151,151,1.0,0.0,0.0,True,0.0
PKFCHNREYW,2126,148,148,1.0,0.0,0.7185114503816794,True,0.0
JJDLUXZZAD,35033,152,152,0.9955673758865248,0.0,0.0,False,0.0005147563486616335
ZLCHZPDNUR,305,22,22,0.0,0.0,0.0,True,0.0
OIHHBAWYJM,365,152,152,1.0,0.0,0.0,False,0.0
YKKAFLMGHU,111,0,0,1.0,0.0,0.0,True,0.6296296296296297
HQTKAGLMZB,1208,152,152,0.9957555178268251,0.0,0.0,False,0.0050933786078098476
IKPQGEKAFM,507,117,117,1.0,0.0,0.9182389937106918,True,0.0
LWJWPWVPDZ,110,0,0,1.0,0.0,0.0,True,0.0
VOITDCHJAB,249,152,152,1.0,0.0,0.0,False,0.0
ZQSVKIJGOJ,317,151,151,1.0,0.0,0.0,True,0.0
JSRBAHETOO,240,152,152,1.0,0.0,0.0,False,0.0
IQKSKRYHCY,4518,60,60,0.0,0.0,0.0,True,0.0
YALIQDIOYV,669,118,118,1.0,0.0,0.0,True,0.06572769953051644
XABVCGVFJK,2271,150,150,1.0,0.0,0.0,True,0.0
VXJNXSLIZT,452,63,63,1.0,0.0,0.9312796208530806,True,0.0
XFLFVPJPUU,20565,152,152,0.9969781157089244,0.0,0.0,False,0.0025832236681776087
SHUFSPURLW,145,0,0,0.9826086956521739,0.0,0.0,True,0.591304347826087
SGZDOMMLGP,158,0,0,0.0234375,0.0,0.0,True,0.4921875
ZBVSKVMVVT,1628,152,152,1.0,0.0,0.0,False,0.0
PVCFPCAIXU,229,149,150,1.0,0.0,0.0,True,0.0
JFXXFZNUSD,8042,152,152,0.992261607588617,0.0,0.0,False,0.0
FMJXRKBXUE,1001,1,1,0.0,0.0,0.0,True,0.0
WWKHDQEZBP,1162,152,152,1.0,0.0,0.0,False,0.0
SZORSBYPYT,646,152,306,1.0,0.0,0.0,False,0.008116883116883116
PLIIJSNOYV,104,0,0,0.0,0.0,0.0,True,0.0
OKDWCHRIDA,180,0,0,1.0,0.0,1.0,True,0.0
ZIYBCPKYAR,6349,151,151,0.990188320936857,0.0,0.0,True,0.0
SLCBAFMQSQ,4196,152,152,1.0,0.0,0.0,False,0.0
ZZWNHTXUSV,263,12,12,0.11764705882352941,0.0,0.0,True,0.058823529411764705
DRTHCCWZNP,32458,152,152,0.99349327741458,0.0,0.003885531022573085,False,0.0007401011471567781
XIVTRQGJPK,6312,152,152,0.9901305316778096,0.0,0.0,False,0.0028653295128939827
LDHFKVMGGX,874,151,151,1.0,0.0,0.0,True,0.0
FTDKOVCHTJ,78,0,0,1.0,0.0,0.0,True,1.0
HFUSKJNFAK,501,151,151,0.9320594479830149,0.0,0.0,True,0.0
KPGSTSLFFJ,124,0,0,1.0,0.0,0.0,True,1.0
SIBRYRKBMD,3927,152,152,1.0,0.0,0.0,False,0.0
DIXFALPLBO,143,0,0,1.0,0.0,0.0,True,0.0
UUPRMZSHCS,262,150,150,1.0,0.0,0.0,True,0.1810344827586207
NIDAZFKUVL,623,152,152,1.0,0.0,0.0,False,0.0
FSWXDEWEJI,748,136,136,1.0,0.0,0.0,True,0.0
GLXWUZPHXU,114,0,0,1.0,0.0,0.0,True,0.07017543859649122
EFCLBUBDDW,142,0,0,1.0,0.0,0.0,True,0.0
DQDAYODMLU,3575,152,152,1.0,0.0,0.0,False,0.0
HHJRHVDDQT,300,150,150,1.0,0.0,0.0,True,0.007407407407407408
GHKLERZXZT,111,0,0,1.0,0.0,0.0,True,0.6296296296296297
TIVZWZUDTO,78,0,0,1.0,0.0,0.0,True,1.0
HYRQVXVBUC,4367,151,151,0.9928522019829376,0.0,0.0,True,0.0
RMNVPJRJVG,126,0,0,0.03125,0.0,0.0,True,0.03125
CGBUCQKNBN,3521,151,151,1.0,0.0,0.0,True,0.0
HOTCMBRVMU,17457,152,152,0.9982200275608636,0.0,0.0014354616444648598,False,0.0
ZYAVQKHZCF,143,0,0,0.1588785046728972,0.0,0.0,True,0.40186915887850466
XYECVBPLKX,160,0,0,0.5384615384615384,0.0,0.0,True,0.0
FINZMHGWHG,636,151,151,1.0,0.0,0.0,True,0.07755775577557755
OVJRFYNNDJ,5774,152,152,0.9946030640668524,0.0,0.06789693593314763,False,0.0
NVFCANHSVX,5934,152,152,0.9894986449864499,0.0,0.0,False,0.0
IPBRVFZVDW,1731,62,62,0.9815157116451017,0.0,0.8410351201478743,True,0.016019716574245224
IWXESBGSHZ,1220,152,152,1.0,0.0,0.0,False,0.0
WGPZFRFGXF,1875,151,151,0.9831978319783198,0.0,0.0,True,0.0
JBKYECNVAZ,132,0,0,1.0,0.0,0.0,True,0.4803921568627451
XUOCHTEKCT,710,106,106,1.0,0.0,0.0,True,0.0
ZEPWRTUXTF,266,22,22,0.0,0.0,0.0,True,0.0
OBVFFJWEDX,690,152,152,1.0,0.0,0.0,False,0.016666666666666666
TIHQZPLAPW,1286,151,151,1.0,0.0,0.0,True,0.0
XWNGCXNDIX,589,152,298,0.889087656529517,0.0,0.889087656529517,False,0.0
SYYJAYYKQU,215,152,152,1.0,0.0,0.0,False,0.0
XLNZJPBUZF,1073,151,151,1.0,0.0,0.0,True,0.0
BPUXGIJARP,37818,152,152,0.9967185349846512,0.0,0.05250344024558061,False,0.0001852439928019477
PAYRQSLUDJ,2427,152,152,1.0,0.0,0.0,False,0.0021061499578770007
ITUPKQWRYS,155,0,0,1.0,0.0,0.0,True,0.0
WHRODUOCZL,5225,151,151,0.9940327237728586,0.0,0.0,True,0.0028873917228103944
HXZROHEWHS,102,0,0,0.5555555555555556,0.0,0.0,True,0.7638888888888888
OVKHHVVVVA,169,0,0,0.11510791366906475,0.0,0.0,True,0.38848920863309355
HNIXGPIFDM,159,0,0,1.0,0.0,0.0,True,0.0
UIEPTYHJRL,352,63,63,0.0,0.0,0.0,True,0.0
WPFMEMNBRM,19059,152,152,0.995112722686426,0.0,0.0,False,0.0
FNDPFVGPFG,114,0,0,1.0,0.0,0.0,True,1.0
YFHLBTRCQF,224,151,151,1.0,0.0,0.0,True,0.0
CDALYBHCWE,580,151,151,1.0,0.0,0.0,True,0.0
ZIYEIRVPXL,24745,152,152,0.9962371029739024,0.0,0.0,False,0.0
ECKDWLDKTH,123,0,0,1.0,0.0,0.0,True,0.6744186046511628
ZVOAAFZKEP,756,151,151,1.0,0.0,0.0,True,0.0
OYVVWRHDXN,1202,137,137,0.9735494880546075,0.0,0.0,True,0.0
JHVNAEJBYE,116,0,0,1.0,0.0,0.0,True,0.6627906976744186
OMGFLNTXRQ,168,0,0,0.0,0.0,0.0,True,0.0
FCLTCYMZSK,5403,152,152,0.9942304113158384,0.0,0.0,False,0.0
GZJMOPPWCQ,129,0,0,1.0,0.0,0.0,True,0.0
RRGPCIOGRN,78,0,0,1.0,0.0,0.0,True,1.0
CPLRQYPDWV,216,103,103,0.5161290322580645,0.0,0.0,True,0.0
VLGGVVNDGQ,13916,152,152,0.9977675356474147,0.0,0.0,False,0.0
NCQNKXEDNI,470,1,1,0.0,0.0,0.0,True,0.0
CJAOXDOHUB,399,152,152,1.0,0.0,0.0,False,0.0
CNUTWMQWRC,478,152,220,1.0,0.0,0.0,False,0.0
KKAVBIMUOG,117,0,0,0.6712328767123288,0.0,0.0,True,0.7123287671232876
DGLXMDKMAK,533,152,152,1.0,0.0,0.0,False,0.09343936381709742
XWOTQJEATC,7605,152,152,0.9918151815181518,0.0,0.0,False,0.0
VWNUODBUHJ,301,152,218,1.0,0.0,0.0,False,0.0
CSQSQVRHFT,118,0,0,0.26666666666666666,0.0,0.0,True,0.96
EIGOPGWKVM,1784,152,152,1.0,0.0,0.0,False,0.0
PSNIQLOSUA,160,0,0,1.0,0.0,0.0,True,0.4307692307692308
EDAYXWJSLQ,176,0,0,1.0,0.0,0.0,True,0.04794520547945205
BVEJNQZBEB,1649,152,152,0.9746757257566399,0.0,0.0,False,0.0024706609017912293
GMADVHIYWR,1623,152,152,1.0,0.0,0.0,False,0.0
JQMODBCMDV,105,0,0,1.0,0.0,0.0,True,0.0
UXRPSSONZE,233,152,152,1.0,0.0,0.0,False,0.029556650246305417
RKIJNKTXJU,78,0,0,1.0,0.0,0.0,True,1.0
ODOCYJMGQX,17906,152,152,0.9913291564108302,0.0,0.0,False,0.0011747594540165586
RCWNWZMIVZ,3339,152,152,1.0,0.0,0.0,False,0.0
TAUFQPIFYC,102,0,0,0.0,0.0,0.0,True,0.0
SKAMHSMIHT,309,152,152,1.0,0.0,0.0,False,0.0
UHQOADMXWN,390,152,166,0.9138888888888889,0.0,0.0,False,0.0
DITRZTRQVO,1631,152,152,0.9607843137254902,0.0,0.0,False,0.0
NNHDFAFEFD,235,151,151,0.848780487804878,0.0,0.0,True,0.0
BEWDDOWZQH,12226,152,152,0.9923745490324697,0.0,0.0,False,0.0002459822892751722
USHQKFYTXH,366,151,151,1.0,0.0,0.0,True,0.0
DFZNXWBOQK,142,0,0,0.8839285714285714,0.0,0.0,True,0.0
BVOEIOHBCW,78,0,0,1.0,0.0,0.0,True,1.0
EBGZCKUIDX,22064,152,152,0.9985930834165381,0.0,0.0,False,0.0004084596532631388
HGTIDTIFYP,116,0,0,1.0,0.0,0.0,True,0.27906976744186046
NWWDLJBVQX,103,0,0,1.0,0.0,0.0,True,0.2191780821917808
HRUWGOFFGI,120,0,0,0.5222222222222223,0.0,0.0,True,0.5222222222222223
EPCGQCJKIO,442,150,150,1.0,0.0,0.0,True,0.0
DXIEDHJUUL,1349,152,303,0.9529946929492039,0.0,0.0,False,0.006065200909780136
IFWGUAJTAD,16744,152,152,0.9944358023214072,0.0,0.0,False,0.0
RPJTJZQAHS,134,0,0,1.0,0.0,0.0,True,0.09615384615384616
GYGGOAUEUL,140,0,0,0.6181818181818182,0.0,0.0,True,0.5272727272727272
LFQLYUTLCZ,154,0,0,1.0,0.0,1.0,True,0.0
RWXUBZZIGB,107,0,0,1.0,0.0,0.0,True,0.6233766233766234
HXCAZCOVQS,126,0,0,1.0,0.0,0.0,True,0.0
INSRREIZHA,78,0,0,1.0,0.0,0.0,True,1.0
RSDWTFCVMH,7766,152,152,0.9891416752843847,0.0,0.0,False,0.0
UVZCMACJEM,5548,152,152,1.0,0.0,0.0,False,0.0
TKCZGVPZKN,363,147,147,1.0,0.0,0.0,True,0.0
OYRMQCXRCO,3647,152,152,1.0,0.0,0.0,False,0.0030411943599668234
IXDCKPNVJP,174,0,0,1.0,0.0,0.0,True,0.0
LCNLMIDNGS,3479,152,152,1.0,0.0,0.0,False,0.0
ZHQVAMUNSV,373,152,270,1.0,0.0,0.0,False,0.0
VNYRZKPJAL,133,0,0,1.0,0.0,0.0,True,0.0
DKMXLIOQTW,579,1,1,0.0,0.0,0.0,True,0.0
MBMGVCIMAT,18363,152,152,0.9966181203294605,0.0,0.0,False,0.0012000218185785195
IMOMEPJORX,4009,140,140,0.006031666247800955,0.0,0.0,True,0.005277707966825836
WJTNNUULNA,5517,152,152,1.0,0.0,0.0,False,0.0
UKWNCEEXTO,1358,152,152,0.9766566265060241,0.0,0.0,False,0.0
CAGYUWFSNY,14937,152,152,0.997920440061716,0.0,0.0,False,0.0029516334607902327
FNHSFPHFFG,126,0,0,0.3229166666666667,0.0,0.0,True,0.25
DDWGDYXSUJ,306,135,137,0.0,0.0,0.0,True,0.0
SDAOKNVADG,102,0,0,0.9583333333333334,0.0,0.0,True,0.3333333333333333
XZJKDZELDQ,1254,147,147,0.923202614379085,0.0,0.0,True,0.0024509803921568627
LXNUYFYPBE,12815,152,152,0.9950723504106375,0.0,0.0018771998435666798,False,0.0018771998435666798
OVYIFVSRLA,5655,152,152,0.9889718961223763,0.0,0.0,False,0.001422981145499822
RHIYVIYHQD,607,152,153,0.9462738301559792,0.0,0.0,False,0.0
LTXAANGFRQ,5270,148,148,0.9910305343511451,0.0,0.0,True,0.0
ZFGIZLKJUB,10791,152,152,0.9942384536753089,0.0,0.0,False,0.0
YZIODFCPEC,24623,152,152,0.9949579148538202,0.0,0.0,False,0.0
IZEMRZITQK,106,0,0,0.9078947368421053,0.0,0.0,True,0.9078947368421053
VUTHRFKDFH,132,0,0,1.0,0.0,0.0,True,0.0
AFWMQHVEFF,133,0,0,0.9320388349514563,0.0,0.0,True,0.47572815533980584
MPVRKDGYVL,112,0,0,0.7678571428571429,0.0,0.0,True,1.0
EDUGVBFTQO,3418,152,152,1.0,0.0,0.0,False,0.0
SERNETFPQR,113,0,0,0.0,0.0,0.0,True,0.0
XOVQOAZMCN,180,0,0,0.9933333333333333,0.0,0.0,True,0.0
HCWMDAMEWK,1913,118,118,0.9532660647902284,0.0,0.5953266064790228,True,0.003186404673393521
YJMTRSJYGT,78,0,0,1.0,0.0,0.0,True,1.0
SADOXDEJOD,4277,151,151,0.9854014598540146,0.0,0.0,True,0.0
MFPSMYCYIL,641,149,149,1.0,0.0,0.0,True,0.0
KLAVLHNMIO,500,152,152,1.0,0.0,0.0,False,0.0
OZUNBBWJQJ,78,0,0,1.0,0.0,0.0,True,1.0
INUTYRAITJ,105,0,0,1.0,0.0,0.0,True,0.1267605633802817
VLKIVSADSW,1087,151,151,1.0,0.0,0.0,True,0.0
AZBWHZIZNI,4119,152,152,0.9924186842748839,0.0,0.19344583027635118,False,0.0
OUOLQQYSCE,4648,152,152,1.0,0.0,0.0,False,0.00931139021221308
OQGRBRASTK,176,0,0,1.0,0.0,0.0,True,0.2328767123287671
LACLRLVNZM,264,148,148,0.8717948717948718,0.0,0.0,True,0.05555555555555555
SNJUARKQYY,192,0,0,1.0,0.0,0.0,True,0.0
KJUHTVGSGY,125,0,0,1.0,0.0,0.0,True,0.0
TWTKALNBDT,707,152,152,0.9542097488921714,0.0,0.0,False,0.0
SEEAUBGZXA,382,84,84,0.0,0.0,0.0,True,0.0
TNSHZZQJNU,3995,152,152,1.0,0.0,0.0,False,0.0
KIHBWFKSLV,20525,152,152,0.9969748719199805,0.0,0.0,False,0.0
YRHCJFRNST,1095,1,1,0.0,0.0,0.0,True,0.0
CSBJSMMKLI,264,150,150,1.0,0.0,0.0,True,0.0
EZQGHRQQHK,3278,152,152,0.9904556650246306,0.0,0.30942118226600984,False,0.0
IYCPCXBZWV,125,0,0,0.5789473684210527,0.0,0.0,True,0.5789473684210527
RMYKJZGDVZ,577,151,151,1.0,0.0,0.0,True,0.0
GKVWCNTQZJ,101,0,0,0.49295774647887325,0.0,0.0,True,0.09859154929577464
ZQTFNIPBIU,105,0,0,0.6266666666666667,0.0,0.0,True,0.6266666666666667
OOWPFLGVUE,203,152,152,1.0,0.0,0.0,False,0.0
SUTGEGQJPI,3814,152,152,1.0,0.0,0.0,False,0.0
FUVENBFQGB,156,0,0,1.0,0.0,0.0,True,0.0
WWUUUQRPYA,2240,150,150,0.9859728506787331,0.0,0.0,True,0.0
XZMTWWPIKG,3290,152,152,0.9809815950920245,0.0,0.0,False,0.0006134969325153375
HLACRSPUBW,19,0,0,0.0,0.0,0.0,True,0.0
AUKUXMPSSM,450,150,150,1.0,0.0,0.0,True,0.0
YYFZZKZUJZ,4499,152,152,1.0,0.0,0.0,False,0.0
LZGBFXPRHB,211,151,271,1.0,0.0,0.0,True,0.0
WUGVUOKFLO,155,0,0,0.0,0.0,0.0,True,0.36
NGPIXYXKHM,111,0,0,0.012345679012345678,0.0,0.0,True,0.8271604938271605
VFFLPEFSDL,293,94,104,0.3574144486692015,0.0,0.0,True,0.16730038022813687
REGEVVANSW,200,151,151,1.0,0.0,0.0,True,0.0
ZZBOKOOTSA,202,152,153,1.0,0.0,0.0,False,0.0
QLOVVYLGLG,258,12,22,0.9736842105263158,0.0,0.0,True,0.15789473684210525
BCBBLMTTIG,4876,152,152,1.0,0.0,0.0,False,0.0
FMKCNXRAEJ,7546,151,151,0.9917509313464609,0.0,0.0,True,0.0
MXDQDXPYWL,2274,149,149,1.0,0.0,0.0,True,0.0
VOYOJLZQDF,106,0,0,0.5657894736842105,0.0,0.0,True,0.5657894736842105
FBJXPIBIRE,285,151,151,1.0,0.0,0.0,True,0.0
THZMGOEREV,365,135,135,0.9074626865671642,0.0,0.8656716417910447,True,0.0
LHVNLYZXDK,2819,151,151,0.9888849049838652,0.0,0.0,True,0.0
IAARWVONMU,671,100,100,0.0,0.0,0.0,True,0.0
XHCPZUSQVJ,617,87,87,1.0,0.0,0.0,True,0.0
NQOGFSFMXH,776,1,1,0.0,0.0,0.0,True,0.0
PORGDPOGMA,1785,152,152,1.0,0.0,0.0,False,0.0
KCDDDWEOIB,1043,21,21,0.0,0.0,0.0,True,0.0
YNDHGCHEQP,485,152,152,1.0,0.0,0.0,False,0.0
PPGFRJPZWX,154,0,0,1.0,0.0,0.0,True,0.008064516129032258
RVIXBOSYKI,1147,150,151,0.97224709042077,0.0,0.0,True,0.022381378692927483
RBNMWIQIIE,2166,152,152,1.0,0.0,0.0,False,0.0
LJRMXQIDZQ,239,152,338,1.0,0.0,0.0,False,0.14832535885167464
EZGLPUWNET,193,0,0,1.0,0.0,0.0,True,0.2822085889570552
JBZEIBKFKW,139,0,0,0.981651376146789,0.0,0.0,True,0.11009174311926606
WPOWRCDCYX,41526,152,152,0.9958066226442377,0.0,0.0,False,0.00016869908902491926
EYVTSXNZUU,1054,151,152,1.0,0.0,0.0,True,0.0
ODKNDVENQP,78,0,0,1.0,0.0,0.0,True,1.0
STCNGZDVBN,273,152,153,1.0,0.0,0.0,False,0.0
GHGNANJYBV,112,0,0,0.7678571428571429,0.0,0.0,True,1.0
NAQOSAWXKD,78,0,0,1.0,0.0,0.0,True,1.0
RPDKGZBILP,205,135,138,1.0,0.0,0.0,True,0.0
SXZTIVQVTL,2756,152,152,1.0,0.0,0.0,False,0.0011005135730007337
FCNBDLFSWN,15928,152,152,1.0,0.0,0.0,False,0.0
ANQQEVDBKO,143,0,0,1.0,0.0,0.0,True,0.0
DVVMOEZTWM,12669,152,152,0.9950945486193528,0.0,0.0,False,0.0
ZMUBZTTZLB,258,150,150,0.6666666666666666,0.0,0.0,True,0.0
TPUDHNOYXQ,817,152,292,1.0,0.0,0.0,False,0.0
BCRYWXVGLH,78,0,0,1.0,0.0,0.0,True,1.0
VPYZATZXQL,1126,151,151,0.9717153284671532,0.0,0.0,True,0.0
PIBQRJQMQH,20477,152,152,0.9984838851665281,0.0,0.0,False,0.0008803247420159436
LDVSXHCLMS,133,0,0,1.0,0.0,0.0,True,0.0
EXWCZDTFTN,26597,152,152,0.9923586539185425,0.0,0.0,False,0.00011292629677030791
MMKIWIKEWB,120,0,0,1.0,0.0,0.0,True,0.0
ELESUZSCGN,27937,152,152,1.0,0.0,0.0,False,0.0006094063665041583
LLZUYOTCSY,528,152,152,0.8955823293172691,0.0,0.0,False,0.0
FKPITBXFEA,223,151,151,1.0,0.0,0.0,True,0.0
UHSCBZTWKR,140,0,0,1.0,0.0,0.9363636363636364,True,0.0
GOSQFSMHTU,78,0,0,1.0,0.0,0.0,True,1.0
FCZRTLMJTQ,141,0,0,0.5952380952380952,0.0,0.0,True,0.6904761904761905
HJMOBXUVIG,103,0,0,0.6164383561643836,0.0,0.0,True,0.5205479452054794
ESHSRZZGOG,114,0,0,1.0,0.0,0.0,True,0.5476190476190477
CGFFFJCTLQ,11878,152,152,0.9921505739365294,0.0,0.0,False,0.00042201215395003375
DCNDHAMBLO,106,0,0,1.0,0.0,0.0,True,0.5394736842105263
FZGPGRIKRX,522,145,145,1.0,0.0,0.0,True,0.0
UHRCNXDLYZ,23123,152,152,0.9906032130948772,0.0,0.0,False,4.330316546139523e-05
ZQWNMJPBRD,12247,152,152,0.9974619289340102,0.0,0.0,False,0.0
RIFZBODLUL,146,0,0,0.14782608695652175,0.0,0.0,True,0.5391304347826087
ZOTIRHGWYV,6061,152,152,1.0,0.0,0.0,False,0.000497429945282706
JVYBFQPGHB,119,0,0,0.8764044943820225,0.0,0.0,True,0.0
WOEGWJNCJF,106,0,0,1.0,0.0,0.0,True,0.0
GHVZBYSUIG,144,0,0,0.0,0.0,0.0,True,0.0
QKATSLKCQK,22310,152,152,0.9944344703770197,0.0,0.0,False,0.0
FSOAFPAHHM,1079,148,148,1.0,0.0,0.0,True,0.0
AAWBJSOOGG,120,0,0,1.0,0.0,0.0,True,0.4888888888888889
RLTQCHFFOA,2843,135,135,1.0,0.0,0.0,True,0.0
LYMCQLEZND,140,0,0,1.0,0.0,0.0,True,0.00909090909090909
EPBVBNKXXY,409,1,1,0.052770448548812667,0.0,0.0,True,0.0395778364116095
FRDGDOXNPL,810,149,149,1.0,0.0,0.0,True,0.01282051282051282
ASIRXNGPKZ,163,0,0,1.0,0.0,0.0,True,0.0
DRYXEZUSRZ,28570,152,152,0.9967414155571128,0.0,0.0,False,0.0013665031534688156
ZFEOAFYPUI,176,0,0,1.0,0.0,0.0,True,0.0684931506849315
PFIIQOBJHN,170,0,0,1.0,0.0,0.0,True,0.0
MUAEJSLYKD,15515,152,152,0.9939941879237972,0.0,0.0,False,0.0
UOXBYQMICN,909,152,927,1.0,0.0,0.8577929465301479,False,0.0
ZEXGFRAYYJ,121,0,0,1.0,0.0,0.0,True,0.10989010989010989
FXLQSHMNGP,144,0,0,0.7456140350877193,0.0,0.0,True,0.40350877192982454
HTFPSKBZOQ,1166,152,304,1.0,0.0,0.0,False,0.0
OBNJAQYGEK,102,0,0,1.0,0.0,0.0,True,0.0
CMSIWNXNTL,298,15,15,0.0,0.0,0.0,True,0.0
PPROOVPFUC,147,0,0,0.3793103448275862,0.0,0.0,True,0.08620689655172414
WMBYTFCYNM,113,0,0,0.0,0.0,0.0,True,0.0
ZFBYQQFTAD,224,145,145,1.0,0.0,0.0,True,0.0
SDFNTYTAYO,474,1,1,0.0,0.0,0.0,True,0.0
CSWNXHCTXN,228,96,108,1.0,0.0,0.0,True,0.0
XMTCTIOSQM,2469,152,152,0.9872898728987289,0.0,0.6416564165641656,False,0.0016400164001640015
PLMYTTCPGJ,491,152,152,1.0,0.0,0.0,False,0.0
ZYDNPJADNR,7145,152,152,1.0,0.0,0.0,False,0.0
FXIMQDCFUK,590,151,151,1.0,0.0,0.0,True,0.0
YXLHISQXZC,128,0,0,1.0,0.0,0.0,True,0.0
UWCELXWUPH,69299,152,152,0.9968672855101127,0.0,0.0,False,0.000375348279894325
KPGEAJBLMC,5309,152,152,0.9941276756961546,0.0,0.0,False,0.0
BSFSCVATSM,78,0,0,1.0,0.0,0.0,True,1.0
ZMTQHGAZRP,2572,152,152,0.9878048780487805,0.0,0.0,False,0.0
DBAUWWAYKF,145,0,0,1.0,0.0,0.0,True,0.0
GOWIYORQHZ,78,0,0,1.0,0.0,0.0,True,1.0
WEZIGLMHFZ,129,0,0,1.0,0.0,0.0,True,0.0
IWLBWEUUKI,142,0,0,1.0,0.0,0.0,True,0.49107142857142855
SLMQGEQSNJ,27368,152,152,0.9930476782904607,0.0,0.0,False,0.0009879615060924293
PFELXBOICW,12000,152,152,0.9948203842940685,0.0,0.11077694235588972,False,0.0020050125313283208
ATRTNIVNYK,322,144,144,1.0,0.0,0.0,True,0.0
CGPBCGIROK,120,0,0,1.0,0.0,0.0,True,0.3888888888888889
BPJUWVZRYO,557,149,149,1.0,0.0,0.0,True,0.0
XOGMYRYXWI,251,139,139,1.0,0.0,0.0,True,0.0
WXVMYYUFHI,112,0,0,1.0,0.0,0.0,True,0.0
NFYLBYTRHB,618,151,2076,1.0,1.0,1.0,True,0.0
SMIGSKLFDV,119,0,0,1.0,0.0,0.0,True,0.0
RKPKDIBGTF,159,0,0,1.0,0.0,0.0,True,0.0
CCLSHQKENC,312,152,154,1.0,0.0,0.0,False,0.0
ONWCKWLUTS,8953,152,152,0.9930516642384848,0.0,0.0,False,0.0
NIERKSOOJU,849,152,152,0.9645909645909646,0.0,0.0,False,0.0
EJRKWTSSOC,132,0,0,0.4803921568627451,0.0,0.0,True,0.2647058823529412
XDFTMNLGFQ,390,152,152,1.0,0.0,0.0,False,0.0
UFZCLPNSFW,269,148,148,1.0,0.0,0.0,True,0.04602510460251046
YJZXVDZHRT,198,0,0,1.0,0.0,0.0,True,0.0
LJQOEWWZMP,500,145,145,1.0,0.0,0.0,True,0.0
ZNQCIVRPEM,5923,152,152,0.9947395214661463,0.0,0.0,False,0.0
FRCAJHHPIL,78,0,0,1.0,0.0,0.0,True,1.0
JSMMBWXYPJ,415,151,151,1.0,0.0,0.0,True,0.0
VCREKZHQXS,296,152,756,0.9323308270676691,0.0,0.0,False,0.0
DPTXRNFOWC,140,0,0,1.0,0.0,0.0,True,0.00909090909090909
CEVMKMOJNU,6812,152,152,0.9868226236304413,0.0,0.0,False,0.0
IUGCWWKIZT,766,1,1,0.0,0.0,0.0,True,0.0
UZHEHEIUXK,414,152,152,1.0,0.0,0.0,False,0.0
VQRMCCAYXH,124,0,0,1.0,0.0,1.0,True,0.1595744680851064
GHWNFDDNXU,125,0,0,0.14736842105263157,0.0,0.0,True,0.0
JGBFIPFRTV,150,0,0,1.0,0.0,0.0,True,0.0
MGXSABHSBR,393,68,68,0.0,0.0,0.0,True,0.11570247933884298
JFZSXZHUPP,136,0,0,0.7075471698113207,0.0,0.2830188679245283,True,0.0
KGRVAHUFQT,1389,152,152,1.0,0.0,0.0,False,0.0
PADFJICBJR,1071,151,151,1.0,0.0,0.0,True,0.026897214217098942
UGMWRZMZTV,315,151,151,1.0,0.0,0.0,True,0.06315789473684211
OQMZWJNLRZ,102,0,0,0.0,0.0,0.0,True,0.7361111111111112
GXHDSZSCNE,12627,152,152,0.997539096610304,0.0,0.0,False,0.0
PNETVDFCGA,25532,152,152,0.9963532271978668,0.0,0.08528742843698534,False,0.0
UWFKVRZBBI,1964,151,151,1.0,0.0,0.0,True,0.0031023784901758012
DMAAUSNLNE,8156,152,152,0.9912626138321438,0.0,0.03371892690130446,False,0.0012306177701206006
HHMSPOSWMG,201,126,127,1.0,0.0,0.0,True,0.0
KKHRMKVTUS,114,0,0,0.7368421052631579,0.0,0.0,True,0.7017543859649122
XDPLNBVRQJ,174,0,0,1.0,0.0,0.0,True,0.2916666666666667
JCGKWDKZZH,73,0,0,1.0,0.0,0.0,True,0.37209302325581395
QSIJJCIWPC,124,0,0,1.0,0.0,0.0,True,0.031914893617021274
QDZRXZGRVJ,375,151,151,1.0,0.0,0.0,True,0.0782608695652174
ZIQMJJOWRX,595,149,150,0.9451327433628318,0.0,0.0,True,0.0
WABTALTBFC,676,89,89,1.0,0.0,0.0,True,0.0
XJQFJETTJA,134,0,0,1.0,0.0,0.0,True,0.15384615384615385
VTLKKBEUFQ,673,152,152,1.0,0.0,0.0,False,0.0
BVPTZMYZNU,78,0,0,1.0,0.0,0.0,True,1.0
LHFQHZEYCN,102,0,0,1.0,0.0,0.0,True,0.75
LWLOHLDLXI,144,0,0,1.0,0.0,0.0,True,0.0
NAQVKBCYKC,537,1,1,0.0,0.0,0.0,True,0.0
REZKOSJPVK,102,0,0,1.0,0.0,0.0,True,0.0
HACAIEWVWP,1247,152,152,1.0,0.0,0.0,False,0.0238290879211175
ZRYWUEANTO,315,152,220,1.0,0.0,0.0,False,0.0
MNGSKNHKQH,147,0,0,1.0,0.0,0.0,True,0.008547008547008548
DMNPXTYRJB,151,0,0,0.0743801652892562,0.0,0.0,True,0.47107438016528924
RIPHSZSZPW,112,0,0,1.0,0.0,0.0,True,0.0
XQKJRSGRHE,238,145,145,1.0,0.0,0.0,True,0.0
OIXFXGFRZA,305,152,152,1.0,0.0,0.0,False,0.0
YRLNUUDIHU,214,151,151,1.0,0.0,0.0,True,0.0
SRMFARQLBX,1728,152,152,1.0,0.0,0.0,False,0.0
SJAMXFWNQL,220,152,153,1.0,0.0,0.0,False,0.0
FLGTAQTLJG,424,152,152,1.0,0.0,0.0,False,0.0
KSUJJSWWGR,759,150,150,1.0,0.0,0.0,True,0.0
SJJSGVSZRC,120,0,0,1.0,0.0,0.0,True,0.0
PYVZDKZFRH,306,76,78,1.0,0.0,0.0,True,0.2246376811594203
TKFUXELTEX,158,0,0,1.0,0.0,0.0,True,0.0
GPVNRHXYEU,117,0,0,0.6551724137931034,0.0,0.0,True,0.27586206896551724
WRLUQNWEGU,110,0,0,0.7125,0.0,0.0,True,0.8125
LOQRCZRRWP,113,0,0,1.0,0.0,0.0,True,0.0
KCZDDIBASA,167,0,0,0.9927007299270073,0.0,0.0,True,0.0
QWONVFMSRW,1337,152,152,1.0,0.0,0.0,False,0.0
BLDLPYBXRI,351,151,165,1.0,0.0,0.0,True,0.0
DTXJCQUKNW,4870,152,152,0.9935550935550935,0.0,0.0,False,0.002286902286902287
ESEYCVAAGP,2340,147,147,0.9883116883116884,0.0,0.0,True,0.003463203463203463
CEMQAPMMYR,7081,152,152,0.9956034605020564,0.0,0.05105658771805418,False,0.0
SSKCWRECSV,2405,152,152,0.9869473684210527,0.0,0.0,False,0.0
OLWKFXXUPP,2457,152,152,1.0,0.0,0.0,False,0.0
ZPBDKRGIIZ,2262,138,140,1.0,0.0,0.0,True,0.0
LTSNGVPAPC,527,152,298,0.9859154929577465,0.0,0.0,False,0.0
LTUHQGVQLX,1281,152,456,0.894484412470024,0.0,0.894484412470024,False,0.0
VNSZUNIVDS,1929,135,135,1.0,0.0,0.8751974723538705,True,0.0
SRNVZUUQNW,135,0,0,1.0,0.0,0.0,True,0.984375
AXMSNOOTMA,1786,152,152,1.0,0.0,0.0,False,0.0
MPQEEJJYKU,287,146,146,0.0,0.0,0.0,True,0.0
KMDMFJHOLM,793,152,152,1.0,0.0,0.0,False,0.0
MDKRNZLWBC,169,0,0,1.0,0.0,0.0,True,0.2949640287769784
QAXMSPAVNQ,200,150,159,1.0,0.0,0.0,True,0.0
IJGUZOBWOU,18141,152,152,0.9948649991717741,0.0,0.0,False,0.00016564518800728838
VVXDNIUSRJ,16018,152,152,0.9980591034310042,0.0,0.0,False,0.0015026296018031556
KIQOQNYJVH,10535,152,152,0.9970479001999809,0.0,0.0,False,0.0
UTQRKVJKXP,172,0,0,0.7183098591549296,0.0,0.0,True,0.36619718309859156
VFBJDUGEXB,146,0,0,1.0,0.0,0.0,True,0.0
OBZKTMGXUQ,170,0,0,1.0,0.0,0.0,True,0.0
ZVCVMPOBHS,108,0,0,0.1527777777777778,0.0,0.0,True,0.6388888888888888
RVSAIWCTDA,162,0,0,1.0,0.0,0.0,True,0.0
NNJAHGXKCX,200,152,319,1.0,0.0,0.0,False,0.20588235294117646
AKEJLNNARF,748,151,151,1.0,0.0,0.0,True,0.0
XPZILNQGZP,681,151,151,1.0,0.0,0.0,True,0.0
AWSTJMWPHH,7688,152,152,0.9959519456777226,0.0,0.0,False,0.0
FEGMJLPZBQ,113,0,0,1.0,0.0,0.0,True,0.0
JVOCJFAVZK,6308,152,152,0.9901242433896146,0.0,0.0,False,0.0
IQFQCMBMFR,159,0,0,1.0,0.0,0.0,True,0.4108527131782946
LZKSQUBCMJ,31367,152,152,0.9930752784248652,0.0,0.07151290806394996,False,6.38223186648371e-05
IOFUDODUHN,1550,152,152,1.0,0.0,0.0,False,0.0
AYTHYZFDPX,1564,151,151,1.0,0.0,0.0,True,0.0
KQIULFPDVO,769,148,148,0.021739130434782608,0.0,0.0,True,0.08967391304347826
IBYXRQROVO,2903,152,152,0.9784197702749738,0.0,0.0,False,0.0
QWDAEVJJAQ,15319,152,152,0.9941099476439791,0.0,0.0,False,0.0
VBIWVYGMTA,145,0,0,1.0,0.0,0.0,True,0.0
MXYBXGBXTI,2555,152,152,1.0,0.0,0.0,False,0.008316831683168317
XDCVRXDVPW,29476,152,152,0.9978944508591999,0.0,0.0,False,0.0001698023500645249
WXBSHDCCJD,8327,152,152,1.0,0.0,0.0,False,0.0033747137519585394
AHSGQJTLKX,1964,152,152,0.968459152016546,0.0,0.0,False,0.0
LUIAASHAMY,8065,152,152,0.9963907902924705,0.0,0.024393279402613564,False,0.0
CXLUBQGIEY,120,0,0,0.7111111111111111,0.0,0.0,True,0.6222222222222222
PLELSIQMFC,24084,152,152,0.9904381807599567,0.0,0.0,False,0.00020786563565311383
ZGBSSJSMMN,1556,137,137,1.0,0.0,0.0,True,0.0
UUJHSRCGZR,147,0,0,0.38461538461538464,0.0,0.0,True,0.4358974358974359
FFPWSAFWUM,381,152,152,1.0,0.0,0.0,False,0.0
NDKMXGRSLZ,5674,152,152,1.0,0.0,0.0,False,0.0015946137491141034
ZGJOIMGDDZ,1425,152,152,1.0,0.0,0.0,False,0.03512544802867384
LDDDIPJVEA,263,141,141,0.7510729613733905,0.0,0.0,True,0.0
BFCDPYUQMW,3339,151,151,1.0,0.0,0.0,True,0.0
BKCEPNWKLP,126,0,0,1.0,0.0,0.0,True,0.0
NUZQITTDEM,108,0,0,0.7962962962962963,0.0,0.0,True,1.0
JBBUZOWIAR,404,94,116,1.0,0.0,0.0,True,0.0
UNROUAWOUK,208,151,151,1.0,0.0,0.0,True,0.0
GJZFIUPJEC,78,0,0,1.0,0.0,0.0,True,1.0
HCAYXFTFYR,157,0,0,1.0,0.0,0.0,True,0.2641509433962264
FOOWZCSYOX,122,0,0,0.6413043478260869,0.0,0.0,True,0.5760869565217391
YYWCELSTNG,143,0,0,1.0,0.0,0.0,True,0.07964601769911504
GCJSFEFBBE,108,0,0,0.7962962962962963,0.0,0.0,True,1.0
AEVXYHIVFE,123,0,0,0.9032258064516129,0.0,0.0,True,0.46236559139784944
ZSCHSDQORL,123,0,0,1.0,0.0,0.0,True,0.0
MZYUPDUZTX,140,0,0,1.0,0.0,0.9363636363636364,True,0.0
THFGYNPCHU,51613,152,152,0.995793187678111,0.0,0.0,False,0.0
BCYMBPTWEN,8746,152,152,0.9964433226250574,0.0,0.0,False,0.0
WCOXLEUYTH,5932,152,152,1.0,0.0,0.0,False,0.0
WBDJIHEDKI,175,0,0,1.0,0.0,0.0,True,0.0
RBDMYDJVSU,178,0,0,1.0,0.0,0.0,True,0.13513513513513514
SZRTZSRKMC,133,0,0,0.6990291262135923,0.0,0.0,True,0.0
SZSIAIRAGC,340,152,152,1.0,0.0,0.0,False,0.0967741935483871
AHDOLNQGYI,149,0,0,1.0,0.0,0.0,True,0.08849557522123894
HSUYRVDWLQ,2602,152,152,0.9902799377916018,0.0,0.0,False,0.0
IRYCWGCBXD,337,147,147,1.0,0.0,0.0,True,0.0
NVCQRHAPGL,231,151,151,1.0,0.0,0.0,True,0.0
TAYYAZUGJE,7137,152,152,0.9955631887791613,0.0,0.0,False,0.0005724917704308
VIHRMDTIKC,106,0,0,1.0,0.0,0.0,True,0.0
TRGUYDKUCJ,1749,150,150,1.0,0.0,0.0,True,0.0
UGEACQPIPC,144,0,0,1.0,0.0,0.0,True,0.02631578947368421
LWRFTTBNKZ,101,0,0,1.0,0.0,0.0,True,0.0
PNDYVAESZI,159,0,0,1.0,0.0,0.0,True,0.1320754716981132
YVEVAASGUJ,145,0,0,1.0,0.0,0.0,True,0.4074074074074074
JSEVMEOFIS,3513,152,152,1.0,0.0,0.0,False,0.0
VJOWBMXRVP,147,0,0,1.0,0.0,0.0,True,0.3418803418803419
HDUPTNJSHY,29288,152,152,0.9968213821860687,0.0,0.0,False,0.0
GHWOBZUGEF,15891,152,152,0.9929386545615031,0.0,0.0,False,0.0003152386356471849
WCDYDHWMYE,112,0,0,1.0,0.0,0.0,True,0.0
CQSZYLROSL,104,0,0,1.0,0.0,0.0,True,0.06756756756756757
OXSQQEAYVG,202,148,148,1.0,0.0,0.0,True,0.0
EUIKTAKOJE,102,0,0,1.0,0.0,0.0,True,0.3333333333333333
PDLOIMLTBB,643,1,1,0.0,0.0,0.0,True,0.0
HGSLDROHWI,13908,152,152,0.9959645456510773,0.0,0.0,False,0.0
VMDWHBAUMD,5406,152,152,0.9942336309523809,0.0,0.24051339285714285,False,0.0003720238095238095
NPPWRGOXEH,2954,62,62,1.0,0.0,0.8618331053351573,True,0.0
TEGNGWGODO,194,0,0,1.0,0.7439024390243902,0.7439024390243902,True,0.0
CIQNLZBEHE,486,152,152,1.0,0.0,0.0,False,0.0
AOURTZHUEG,125,0,0,1.0,0.0,0.0,True,0.0
CZCWWMJNQW,486,152,297,1.0,0.0,0.0,False,0.039473684210526314
OTNNPJDVXV,156,0,0,1.0,0.0,0.0,True,0.0
GBUTHYWYNZ,123,0,0,1.0,0.0,0.0,True,0.0
HXOYBMGSPL,14485,152,152,0.9978554133517814,0.0,0.0,False,0.0005534417156693186
BQLSQAMMVT,330,152,152,1.0,0.0,0.0,False,0.0
FBTVGAKPVD,853,78,79,0.0,0.0,0.0,True,0.012150668286755772
ILWUGBNXRG,217,152,303,1.0,0.0,0.0,False,0.18181818181818182
VFTVYVPQZX,16425,152,152,0.9981091796279353,0.0,0.0,False,0.0009759072888075633
HVOLLRCOYN,1282,151,151,1.0,0.0,0.0,True,0.0
ATPIRAYSTK,171,0,0,1.0,0.0,0.0,True,0.6666666666666666
LJKFVYJOKA,14540,152,152,0.9955892487939352,0.0,0.0,False,0.0
EWZUROQEGY,139,0,0,1.0,0.0,0.0,True,0.46788990825688076
UZFIKGBIRI,6197,152,152,0.9904329495702935,0.0,0.0,False,0.0017836873682503648
TXHMMFGITO,821,135,135,1.0,0.0,0.5815423514538559,True,0.0012642225031605564
CLIXZRAAZV,105,0,0,1.0,0.0,0.0,True,0.09333333333333334
ZQPLYIGGSO,829,152,152,1.0,0.0,0.0,False,0.0
MLHJQCZEWP,584,150,150,1.0,0.0,0.0,True,0.0
KHUZXONQWE,5365,152,152,1.0,0.0,0.0,False,0.005998125585754452
JEXACJBZLT,204,69,83,0.7701149425287356,0.0,0.0,True,0.27586206896551724
IHZLEAMGPJ,730,151,151,1.0,0.0,0.0,True,0.0
SKXXOGNAND,2697,146,146,1.0,0.0,0.2407199100112486,True,0.0037495313085864268
XQNUGCPZHI,6891,152,152,0.9909634164116018,0.0,0.0,False,0.0
CWAVGPOVQL,18440,152,152,0.9932645301466594,0.0,0.0,False,0.0
ESCZZALARV,952,152,152,0.9327548806941431,0.0,0.0,False,0.0
QSHVDXHDDD,7369,152,153,0.9873279738383977,0.0,0.0,False,0.0
MWMUBVDYJE,205,148,148,1.0,0.0,0.0,True,0.011428571428571429
HZGUNCBHSK,285,151,151,1.0,0.0,0.0,True,0.0
WFHKKLKQPT,270,149,149,1.0,0.0,0.0,True,0.0
MVSYMOZQIZ,156,0,0,0.753968253968254,0.0,0.0,True,0.0
SWVFKMAGTQ,387,83,83,0.9971988795518207,0.0,0.0,True,0.1568627450980392
YQZZLKTASV,189,0,0,1.0,0.0,0.0,True,0.0
LCRFRCWERL,279,144,386,0.9416666666666667,0.0,0.0,True,0.25416666666666665
RMJKOPRHHJ,76,0,0,1.0,0.0,0.0,True,1.0
CRFNBCDWCX,112,0,0,1.0,0.0,0.0,True,0.44642857142857145
BLKDYBNXPW,300,151,286,1.0,0.0,0.0,True,0.0
BTPNBEVTXD,274,152,152,1.0,0.0,0.0,False,0.0
OQDIUQBFYO,189,0,0,1.0,0.0,0.0,True,0.0
EIHGAHUWEO,569,152,153,1.0,0.0,0.0,False,0.0
KBVZUVDCRG,541,147,147,1.0,0.0,0.0,True,0.0
CLFLQJCOQB,367,152,152,1.0,0.0,0.0,False,0.13353115727002968
JGUCIHIDCZ,1724,152,152,0.9634002361275088,0.0,0.0,False,0.0
BMDRGDFYOI,2459,152,152,1.0,0.0,0.0,False,0.0032935364347468094
POCRHDRBSF,574,152,278,1.0,0.0,0.0,False,0.03860294117647059
OZWWXBUOXE,12826,152,152,0.9921069084088777,0.0,0.0,False,0.0
EGVWMKTCQG,398,152,289,0.9320652173913043,0.0,0.0,False,0.04891304347826087
XDNQQALVYO,9950,152,152,0.99375,0.0,0.0,False,0.0
CDNGWHVYAX,10073,152,152,0.9938265458528328,0.0,0.0,False,0.0003982873643333665
XPZABHCHXF,196,0,0,1.0,0.0,0.0,True,0.0
XNVLUUOXXH,5703,152,152,1.0,0.0,0.0,False,0.0
CDFLGRZSVK,449,152,152,0.9379474940334129,0.0,0.0,False,0.050119331742243436
ZKKHEJDEZF,152,0,0,0.4482758620689655,0.0,0.0,True,0.39655172413793105
XFQPVFETSF,78,0,0,1.0,0.0,0.0,True,1.0
BOBLJBZWCW,809,151,152,1.0,0.0,0.0,True,0.0
IOCIKHEGSJ,110,0,0,1.0,0.0,0.0,True,1.0
OCCIDUKNVF,1481,152,152,0.9793246037215714,0.0,0.0,False,0.0
APGETQISOE,255,150,150,1.0,0.0,0.0,True,0.022222222222222223
NRAJAKTTOB,118,0,0,0.9886363636363636,0.0,0.0,True,0.045454545454545456
JNDJFJCHEZ,1818,143,143,0.9871364653243848,0.0,0.0,True,0.0011185682326621924
HMFJOOAIUY,375,151,151,1.0,0.0,0.0,True,0.0
MBDAGEQWBE,366,152,304,0.9166666666666666,0.0,0.8482142857142857,False,0.0
CIZILPRBVN,355,148,148,0.9353846153846154,0.0,0.0,True,0.0
XGLZWZTTFK,340,80,80,1.0,0.0,0.0,True,0.0
JMSPXOWKSF,267,149,149,1.0,0.0,0.0,True,0.0
TZLTENBSMS,4910,152,152,0.9848360655737705,0.0,0.3325819672131147,False,0.002459016393442623
BJWHXAAFLV,67,0,0,1.0,0.0,0.0,True,1.0
SFNZNDWRIO,593,122,125,0.0,0.0,0.0,True,0.0
MWSNVABFPN,104,0,0,0.972972972972973,0.0,0.0,True,0.3918918918918919
UIMZHLEFZZ,176,0,0,0.8013698630136986,0.0,0.0,True,0.08904109589041095
UWNAWKZZTZ,1015,151,151,0.9685279187817258,0.0,0.0,True,0.0
CGCXKVQAPQ,118,0,0,1.0,0.0,0.0,True,0.6790123456790124
QQRRQIOIZL,133,0,0,1.0,0.0,0.0,True,0.019417475728155338
DPRPKQHIJE,120,0,0,1.0,0.0,0.0,True,0.0
EHZRVZNJMO,725,150,150,1.0,0.0,0.0,True,0.004316546762589928
MZHNUIXQDC,78,0,0,1.0,0.0,0.0,True,1.0
YHAZOALGUO,152,0,0,0.13274336283185842,0.0,0.0,True,0.10619469026548672
OEVOVZHHPT,139,0,0,0.4036697247706422,0.0,0.0,True,0.4036697247706422
TCDYSELLWW,103,0,0,0.7534246575342466,0.0,0.0,True,0.5616438356164384
WVKQCOKEWZ,26424,152,152,0.9949928744752148,0.0,0.0,False,0.0
ZYDMQDQEDX,152,0,0,1.0,0.0,0.0,True,0.0
CSUKGZXUUZ,621,152,152,1.0,0.0,0.0,False,0.0
FLFAMIKYHO,188,0,0,1.0,0.0,0.0,True,0.0
MOYKUQFVYN,105,0,0,1.0,0.0,0.0,True,0.013333333333333334
DHGOWKQLYW,1031,152,298,1.0,0.0,0.5004995004995005,False,0.0
ZTJICOUWPC,2146,149,149,0.9995274102079396,0.0,0.0,True,0.0
LLCDVJXKNJ,1138,152,152,1.0,0.0,0.0,False,0.0
ZHWCJRJEFW,176,0,0,1.0,0.0,1.0,True,0.0
WCBOLLMMLU,360,152,152,1.0,0.0,0.0,False,0.0
LDTJZYWRZZ,265,152,152,1.0,0.0,0.0,False,0.0
VXHMDSXGMC,441,151,151,1.0,0.0,0.0,True,0.0
DQJHBOFULC,106,0,0,1.0,0.0,0.0,True,0.0
LPCLHACEVT,20332,152,152,0.9894581280788177,0.0,0.0,False,0.0002463054187192118
AQZDOXILQU,927,152,152,1.0,0.0,0.0,False,0.006688963210702341
NDZHVJHOYE,707,118,118,1.0,0.0,0.3810930576070901,True,0.0620384047267356
LZJVTVFXBX,516,148,148,1.0,0.0,0.32098765432098764,True,0.0
PQPYWOMDED,307,150,150,1.0,0.0,0.0,True,0.0
GYSOTMTDES,78,0,0,1.0,0.0,0.0,True,1.0
HSAXTMXFXZ,672,151,151,1.0,0.0,0.0,True,0.0
JUVDMGGFXB,700,1,1,0.0,0.0,0.0,True,0.0
CQUMWKAXCG,279,151,151,1.0,0.0,0.0,True,0.0
CNHXCKNJYQ,107,0,0,1.0,0.0,0.0,True,0.0
SLTMPOZQZX,175,0,0,1.0,0.0,0.0,True,0.0
GNOZQZSUCA,172,0,0,1.0,0.0,0.0,True,0.0
TGRQXOBBQU,1578,147,147,1.0,0.0,0.0,True,0.00516795865633075
PAKNCEBVGG,244,136,136,0.7663551401869159,0.0,0.0,True,0.009345794392523364
MJJGLRWJNW,129,0,0,0.7373737373737373,0.0,0.0,True,0.0
WNQCUOGDTI,138,0,0,0.0,0.0,0.0,True,0.26851851851851855
KMSSQVOQUP,134,0,0,1.0,0.0,0.0,True,0.0
WQJKENBBTQ,629,152,153,0.9482470784641068,0.0,0.0,False,0.0
JAEYRQOUGC,78,0,0,1.0,0.0,0.0,True,1.0
MSRVRWWIQX,102,0,0,0.5510204081632653,0.0,0.0,True,0.5714285714285714
GYEQTXSWRJ,34476,152,152,0.9982000812866516,0.0,0.0,False,0.0011612378795796319
JPNNCLCVPQ,122,0,0,0.7608695652173914,0.0,0.0,True,0.3804347826086957
XUBXMKFHAC,219,150,150,1.0,0.0,0.0,True,0.0
LSMSDWKOWA,2338,152,152,0.9865684575389948,0.0,0.0,False,0.0
KXDCNUQYUR,1706,150,150,1.0,0.0,0.0,True,0.0
DBVPNZLBZY,183,0,0,0.9215686274509803,0.0,0.0,True,0.3790849673202614
BPIOLLGIUB,790,145,145,1.0,0.0,0.0,True,0.0
EJJEOUTLVA,152,0,0,0.0,0.0,0.0,True,0.4098360655737705
YYTFCEGVUL,2702,152,152,1.0,0.0,0.0,False,0.0
RQNVGDJLTU,2593,150,150,1.0,0.0,0.0,True,0.0074131876706984
XHUIQSMADJ,163,0,0,0.9699248120300752,0.0,0.0,True,0.20300751879699247
MSXJXUQGYG,3197,152,152,1.0,0.0,0.0,False,0.0025260498894853173
SPWLCBXOIR,3306,152,152,0.9911396272532844,0.0,0.0,False,0.016193095019859455
MBJSEXZOWL,1297,152,304,1.0,0.0,1.0,False,0.0
PGQOLTKSWI,356,152,304,0.9233128834355828,0.0,0.9233128834355828,False,0.0
UGVWQJOZSO,126,0,0,1.0,0.0,0.0,True,0.0
PZATVVYGZN,104,0,0,1.0,0.0,0.0,True,0.6891891891891891
YUSHREFLMD,449,1,1,0.0,0.0,0.0,True,0.0
TQUDIFWUIZ,1642,113,113,0.0,0.0,0.0,True,0.0
RISBNIDRDK,126,0,0,1.0,0.0,0.0,True,0.0
ZFUQYSQATM,230,150,150,1.0,0.0,0.0,True,0.0
FAUCOQVIGN,14380,152,152,0.9978397212543554,0.0,0.0,False,0.0
WUWQPOQUAS,4812,140,140,1.0,0.0,0.0,True,0.0
SRAOYOSAOI,252,152,387,1.0,0.0,0.0,False,0.06756756756756757
KOUNRWJRCC,358,152,152,1.0,0.0,0.0,False,0.0
YVAQXDOGJB,528,134,136,0.024096385542168676,0.0,0.0,True,0.024096385542168676
HLBERKILQC,478,151,151,1.0,0.0,0.0,True,0.0
WQWXBOIOEV,952,152,196,1.0,0.0,0.0,False,0.0
NSOIXYCDHF,728,149,149,0.9555873925501432,0.0,0.0,True,0.0
UNFMTDFUUF,214,151,151,1.0,0.0,0.0,True,0.0
LJGRIIDOUP,1319,151,151,0.9759503491078355,0.0,0.0,True,0.0
KJHCTMKKSU,165,0,0,1.0,0.0,0.0,True,0.22962962962962963
HOONTPXTUG,1406,1,1,0.0,0.0,0.0,True,0.0
LSOZJTCIZL,169,0,0,1.0,0.0,0.0,True,0.02877697841726619
EVLSHGIDUL,152,0,0,0.5737704918032787,0.0,0.0,True,0.3524590163934426
KVQGTZWCWO,17876,152,152,0.9982629160596213,0.0,0.0,False,0.0
OVYLSTFCCS,112,0,0,1.0,0.0,0.0,True,0.0
PHBRYQKQBX,120,0,0,1.0,0.0,0.0,True,0.6352941176470588
XHKQGYOLJY,7314,152,152,1.0,0.0,0.0,False,0.0
MNJQHNUUPD,142,0,0,1.0,0.0,0.0,True,0.0
BGXUFTSIZY,1043,152,167,1.0,0.0,0.0,False,0.0
DNHVKLUVKD,244,143,146,1.0,0.0,0.0,True,0.0514018691588785
SHQILKVIIQ,293,151,151,1.0,0.0,0.45627376425855515,True,0.0
KURNXTWDKH,377,151,151,1.0,0.0,0.0,True,0.0
HETSOOGTVP,1537,152,152,1.0,0.0,0.0,False,0.023888520238885203
XXSIQIIUTG,3314,152,152,0.9996954933008526,0.0,0.0,False,0.0
UPPFWKOHAT,899,152,152,1.0,0.0,0.0,False,0.0
ZXBDZOPEZQ,2045,151,151,1.0,0.0,0.0,True,0.0
JCRGYRCZIG,201,149,149,0.8421052631578947,0.0,0.0,True,0.06432748538011696
DGYNGNZRBJ,6521,152,152,0.9952241565244184,0.0,0.028192882452626713,False,0.0
EDPPHLMPLE,7573,152,152,0.9917739153509354,0.0,0.0,False,0.008226084649064614
PZNICIFSNI,2359,140,140,1.0,0.0,0.0,True,0.0
OZMICASSUF,124,0,0,1.0,0.0,0.0,True,0.0
WFKODAOBFB,1249,152,152,0.9745693191140279,0.0,0.0,False,0.0
DOKRCVNIAS,148,0,0,1.0,0.0,0.0,True,0.0
QFGZBGMZIM,461,152,152,1.0,0.0,0.0,False,0.0
HHYJOILUFN,247,150,150,0.8433179723502304,0.0,0.0,True,0.0
NJWYQFLFWP,156,0,0,1.0,0.0,0.0,True,0.0
XBRLMSJLYO,2556,91,91,0.9877276326207443,0.0,0.0,True,0.0027711797307996833
SJGKUHRPCX,139,0,0,0.0,0.0,0.0,True,0.0
LFGMBOPJSZ,3254,152,152,0.9903846153846154,0.0,0.0,False,0.0
XNIFYEYZLQ,114,0,0,1.0,0.0,0.0,True,0.0
PBWQKAANFZ,1545,151,151,1.0,0.0,0.0,True,0.007260726072607261
LSJMBJQWGY,10137,152,152,0.9940476190476191,0.0,0.0,False,0.0
XVDCEKFHGC,397,151,151,0.9128065395095368,0.0,0.0,True,0.008174386920980926
KGHPWZIGFK,17033,152,152,0.9908839616538258,0.0,0.0,False,0.0
LGKLJUZKKE,157,0,0,1.0,0.0,0.0,True,0.4330708661417323
ARPOGZFRGQ,7711,152,152,1.0,0.0,0.0,False,0.0
CBLCJEFCDD,1535,152,152,1.0,0.0,0.0,False,0.0
OLJJMXACAX,119,0,0,1.0,0.0,0.8651685393258427,True,0.0
LLHITZCULV,2009,59,59,0.0,0.0,0.0,True,0.0
FPQQZMVPDH,207,2,2,0.0,0.0,0.0,True,0.3108108108108108
QGORMLPVLL,116,0,0,1.0,0.0,0.0,True,0.3793103448275862
DIZGUZPSXK,4810,152,152,1.0,0.0,0.0,False,0.0
JSLADXXOTA,211,152,153,1.0,0.0,0.0,False,0.0
FTMGLFIHKR,895,91,91,1.0,0.0,0.0,True,0.0
JEHVBSUYRM,309,140,140,1.0,0.0,0.0,True,0.0
GTXMJNCFBU,116,0,0,1.0,0.0,0.0,True,0.7906976744186046
CMWIVIULZM,791,150,150,1.0,0.0,0.0,True,0.0
QLNAWKYFLO,289,151,151,0.8803088803088803,0.0,0.0,True,0.0
XURNUUPQUX,866,150,150,1.0,0.0,0.0,True,0.01674641148325359
ZQMABFMYNP,1550,152,304,1.0,0.0,0.9736842105263158,False,0.0
DIWTFLJXRM,38363,152,152,0.9945999530430699,0.0,0.0,False,0.00026087183366811884
ERHTDGUALB,146,0,0,1.0,0.0,0.0,True,0.0
VNWIPREJKW,8394,152,152,1.0,0.0,0.0,False,0.0
ANKAXXIOIG,78,0,0,1.0,0.0,0.0,True,1.0
EWKNCTZILD,3213,152,152,1.0,0.0,0.0,False,0.0
FZJHIDLXDE,2086,152,152,1.0,0.0,0.0,False,0.0
IPNLWYWLOL,223,151,171,1.0,0.0,0.0,True,0.0
AMAUGFTKMO,190,0,0,1.0,0.0,0.0,True,0.0
MSXWRFOATV,102,0,0,0.16666666666666666,0.0,0.0,True,0.5833333333333334
VWBOUMAXXP,2028,152,152,1.0,0.0,0.22722722722722724,False,0.0
JAHAVLSUXH,109,0,0,0.12658227848101267,0.0,0.0,True,0.11392405063291139
NSOPHIESYP,2117,135,135,1.0,0.0,0.6261996161228407,True,0.012476007677543186
LWDVFZKTIO,857,137,137,0.9250302297460702,0.0,0.0,True,0.0
VZPAEJYDFR,153,0,0,0.8048780487804879,0.0,0.0,True,0.44715447154471544
VIADUMYTQD,101,0,0,0.8873239436619719,0.0,0.0,True,0.4084507042253521
QJQWCSLLFM,8174,152,152,0.9927554027504911,0.0,0.0,False,0.0
IZFIZGWCET,134,0,0,1.0,0.0,0.0,True,0.5192307692307693
NZLTHQXYME,563,151,151,1.0,0.0,0.0,True,0.0
SQASROAZZY,1554,152,152,1.0,0.0,0.0,False,0.0
UTKLYETVLF,1381,150,150,1.0,0.0,0.0,True,0.0
HTCBOCQBMY,180,0,0,1.0,0.0,0.0,True,0.24666666666666667
KIWQCCHTUP,519,140,140,0.0,0.0,0.0,True,0.0
DMHHDGMUEF,108,0,0,1.0,0.0,0.0,True,0.0
UNGBXRTVKK,102,0,0,1.0,0.0,0.0,True,0.9444444444444444
KLBNETPTOS,3424,152,152,0.9817324690630524,0.0,0.0,False,0.0
QTNMMVPFVL,1813,152,152,1.0,0.0,0.0,False,0.0
AKHXLXMJPZ,472,152,152,1.0,0.0,0.0,False,0.09049773755656108
QDLKIAANZD,161,0,0,1.0,0.0,0.0,True,0.3969465648854962
NBYSKXEWYL,1985,152,152,1.0,0.0,0.0,False,0.0
RPVNMAHTGR,258,142,282,0.6271929824561403,0.0,0.0,True,0.15789473684210525
BCJDTPXXYY,178,0,0,1.0,0.0,0.0,True,0.0
LWHQRAVNFI,868,151,151,1.0,0.0,0.0,True,0.0
TBLNWUYVEY,385,152,152,1.0,0.0,0.0,False,0.0
ODHITXCPXP,15065,152,152,1.0,0.0,0.0,False,0.0
GNHQNQTSFP,101,0,0,0.4084507042253521,0.0,0.0,True,0.4084507042253521
CXSVAIUGHA,678,143,143,1.0,0.0,0.0,True,0.0
VKPALRRYIH,17298,152,152,0.9964095436645819,0.0,0.0,False,0.0016794069955987955
IOTWQLFEGX,183,0,0,1.0,0.0,0.0,True,0.07534246575342465
HHOEABLZKV,733,151,151,1.0,0.0,0.0,True,0.0
FZSSIUOQXU,213,151,151,1.0,0.0,0.0,True,0.0
BSRRODFEIW,2217,63,63,1.0,0.0,0.9446730681298583,True,0.0
NTMZOAHELH,177,0,0,1.0,0.0,0.0,True,0.0
YICNHORPYA,9072,152,152,0.9965715549657156,0.0,0.0,False,0.0
NPFLZDKVJO,127,0,0,1.0,0.0,0.0,True,0.35051546391752575
EVEAIDJHFJ,265,149,149,1.0,0.0,0.0,True,0.0
KIRFOKEHDR,147,0,0,1.0,0.0,0.0,True,0.0
GRWWTAMWVI,78,0,0,1.0,0.0,0.0,True,1.0
BOTKDHNTZF,168,0,0,1.0,0.0,0.0,True,0.028985507246376812
MITSNYMBBG,279,152,152,1.0,0.0,0.0,False,0.0
OHBYIZVNXI,108,0,0,1.0,0.0,0.0,True,0.5833333333333334
GQNMFQUTJC,9723,152,152,0.9968018157433199,0.0,0.0,False,0.0
OPMIDFJJYJ,114,0,0,1.0,0.0,0.0,True,0.0
TLSPCZYAUX,7947,152,152,0.9960843753947202,0.0,0.0,False,0.0
GPJWMLTEMM,250,150,150,1.0,0.0,0.0,True,0.0
FGUCGUQSET,419,1,1,0.0,0.0,0.0,True,0.03529411764705882
YIMYDTKVOR,102,0,0,1.0,0.0,0.0,True,0.0
SXFAWFHWFW,138,0,0,1.0,0.0,0.0,True,0.0
PJYQMVEELY,1553,150,150,1.0,0.0,0.0,True,0.02495075508864084
GZKJQKWVCD,133,0,0,0.8155339805825242,0.0,0.0,True,0.2524271844660194
MQISNADKLC,6905,152,152,0.9909818181818182,0.0,0.0,False,0.0
LMFFZNAWFB,1195,152,152,1.0,0.0,0.0,False,0.0
NYEOXLQEYX,110,0,0,1.0,0.0,0.0,True,0.0
FWBMXGLALZ,1677,152,152,1.0,0.0,0.0,False,0.010321797207043109
EYVMNZPAHG,919,137,137,1.0,0.0,0.0,True,0.05511811023622047
NFZOOREXJV,241,86,86,0.10552763819095477,0.0,0.0,True,0.31155778894472363
EYWNVIFVOM,136,0,0,1.0,0.5188679245283019,0.5188679245283019,True,0.0
VGJKPBNGNV,574,152,154,1.0,0.0,0.0,False,0.0
NSAEQTBGSX,182,0,0,1.0,0.0,0.0,True,0.0
SNFPUUTWWG,149,0,0,1.0,0.0,0.0,True,0.09734513274336283
EEMOQFBOMB,1461,151,151,0.9783368273934312,0.0,0.0,True,0.0
MNDFIPJQWB,812,152,152,1.0,0.0,0.0,False,0.0
QTELOJKQGX,338,150,150,1.0,0.0,0.0,True,0.0
OAIJBQMGCH,124,0,0,0.9076923076923077,0.0,0.0,True,0.06153846153846154
DIKXSRAGDL,125,0,0,1.0,0.0,0.0,True,0.0
ZWGYQKUEUB,6695,152,152,0.9906976744186047,0.0,0.0,False,0.0
GKHEVJJPXS,9889,152,152,0.9937068615509541,0.0,0.0,False,0.0
DXUVAWYEAS,286,152,757,1.0,0.0,0.0,False,0.0
PTJMDAMTEF,713,62,63,1.0,0.0,0.0,True,0.0
OGLNBWHBVM,3001,152,152,1.0,0.0,0.0,False,0.0
CWMHCDMWSY,813,151,151,1.0,0.0,0.0,True,0.0
SNZTCMWNOR,642,17,17,0.0,0.0,0.0,True,0.08169934640522876
PCTJZIFTIA,135,0,0,1.0,0.0,0.0,True,0.0
OEKEIWBZDT,1451,152,305,0.9781843771991555,0.0,0.896551724137931,False,0.0
OTVNKGRNZR,5776,152,152,1.0,0.0,0.0,False,0.00034812880765883376
VMLEYKZCXT,55009,152,152,0.9955801305953182,0.0,0.0,False,0.0006184179413958057
YAPQFWFKUE,225,151,151,1.0,0.0,0.0,True,0.0
OTSERCYPEG,2335,152,152,1.0,0.0,0.0,False,0.0017353579175704988
JWJRTWZVLA,5931,152,152,1.0,0.0,0.0,False,0.0
YYYEJRBSZS,117,0,0,1.0,0.0,0.0,True,0.08045977011494253
ETEJJTBSXA,159,0,0,1.0,0.0,0.0,True,0.0
EELMNYRBBO,13503,152,152,0.9836710457952943,0.0,0.0,False,0.0
HBSNXUQQFO,146,0,0,1.0,0.0,0.0,True,0.0
RAOXZDQFMF,128,0,0,0.8163265306122449,0.0,0.0,True,0.5714285714285714
AOVUVPAHPF,167,0,0,1.0,0.0,0.0,True,0.0
YTSHWYYHNZ,18827,152,152,0.9950524019790392,0.0,0.0,False,0.0
CITDRIWAXN,11320,152,152,0.9917626217891939,0.0,0.15482728077945085,False,0.0019486271036315323
IQQQGQBUBL,355,149,226,1.0,0.0,0.0,True,0.0
AHFTUYUAXD,934,152,152,1.0,0.0,0.0,False,0.0
DCJPQMROJU,1449,150,150,1.0,0.0,0.0,True,0.0
GMRCFXRBRC,258,147,147,1.0,0.0,0.0,True,0.0
PPOXSMOVLV,78,0,0,1.0,0.0,0.0,True,1.0
SPVUSJRRVT,184,0,0,0.8636363636363636,0.0,0.0,True,0.045454545454545456
DEQNPQUCDU,1068,150,150,1.0,0.0,0.0,True,0.0
QWOQRQCWXV,104,0,0,1.0,0.0,0.0,True,0.7162162162162162
AXOOWBENRX,2504,152,152,0.9749393694421988,0.0,0.246160064672595,False,0.0
PSJVWMXXCC,490,1,1,0.0,0.0,0.0,True,0.0
MIRUXIWEHA,115,0,0,0.9647058823529412,0.0,0.0,True,0.3176470588235294
WDXXREBUTU,150,0,0,1.0,0.0,0.0,True,0.016666666666666666
RILFECCGPI,12435,152,152,0.9900032247662045,0.0,0.0,False,0.0009674298613350532
IHULJNTJRL,1265,1,1,0.0,0.0,0.0,True,0.0
NDTIUMZZYB,10317,152,152,0.9969864878001361,0.0,0.0,False,0.0007776805677068144
YERHGPSBNQ,697,16,16,0.0,0.0,0.0,True,0.0
YSETSGXZED,212,150,150,1.0,0.0,0.0,True,0.0
OTYJWGKQVE,1774,140,140,0.9822247706422018,0.0,0.0,True,0.0
EGDPHXDLMW,259,83,95,0.5938864628820961,0.0,0.0,True,0.0
WHPHBDVWPO,7366,152,152,0.9957742639040349,0.0,0.0,False,0.0009541984732824427
DAYLWXTESZ,11341,152,152,0.9969056670497746,0.0,0.0,False,0.00017681902572716824
JFOLORBSFD,103,0,0,1.0,0.0,0.0,True,0.0
QQFVCZMKUJ,487,137,137,1.0,0.0,0.0,True,0.0
CBFHMSTGXE,1482,151,151,1.0,0.0,0.0,True,0.011707988980716254
LEMIAQRZBQ,342,99,99,1.0,0.0,0.0,True,0.0
CBSBGONEKC,114,0,0,1.0,0.0,0.0,True,0.27450980392156865
NAPWLKJDJB,123,0,0,0.2903225806451613,0.0,0.0,True,0.5483870967741935
WGKQPBFSOO,109,0,0,0.1643835616438356,0.0,0.0,True,0.5753424657534246
BZKGOOCYSU,206,83,83,1.0,0.0,0.0,True,0.2619047619047619
HLKAPLKZCB,112,0,0,1.0,0.0,0.0,True,0.45614035087719296
SFBTISBMKQ,132,0,0,1.0,0.0,0.0,True,0.620253164556962
GKUZNYARLD,3227,152,152,0.990303409446356,0.0,0.0,False,0.0009383797309978105
EKQNJMRUHG,4096,152,152,1.0,0.0,0.0,False,0.0
PIEOBQPLXX,44188,152,152,0.9929797545178677,0.0,0.029326509352778658,False,0.0
FZMEKJMSIL,157,0,0,1.0,0.0,0.0,True,0.0
OAGSBJWLRU,114,0,0,1.0,0.0,0.0,True,0.0
RQOLLJMORC,36166,152,152,0.9974263891963693,0.0,0.0,False,0.0
TZIFDNZUUZ,147,0,0,1.0,0.0,0.0,True,0.0
HGCDRCGTAZ,3379,151,151,0.990743505524037,0.0,0.46909525231412363,True,0.0035831591519856674
DBINAOHGLR,3942,152,152,0.9851738241308794,0.0,0.0,False,0.0010224948875255625
CLPBUEDMQI,113,0,0,0.0,0.0,0.0,True,0.0
NBNKJHMRJV,150,0,0,1.0,0.0,0.0,True,0.39166666666666666
RTLEAHQSNY,103,0,0,0.0,0.0,0.0,True,0.0
FORPQWTNEE,888,152,152,0.9638694638694638,0.0,0.0,False,0.0
XUNHBBULVI,138,0,0,1.0,0.0,0.0,True,0.0
BPIZDGLOSM,282,149,149,0.11904761904761904,0.0,0.0,True,0.1349206349206349
CVOCIMMJYZ,100,0,0,1.0,0.0,0.0,True,0.0
NBORTUACZS,102,0,0,1.0,0.0,0.0,True,0.0
TBHISWRWNG,9330,152,152,0.9867670790747713,0.0,0.0,False,0.006132329209252286
NOQVTIUYYZ,794,143,143,1.0,0.0,0.0,True,0.003926701570680628
ZPYFZPRWOW,636,91,91,1.0,0.0,0.0,True,0.0
JHWMUQAMZB,116,0,0,1.0,0.0,0.0,True,0.0
QTGVZNJCTZ,124,0,0,1.0,0.0,0.0,True,0.09574468085106383
HDVBRAUIGW,458,146,146,1.0,0.0,0.0,True,0.0
GCDHLYSOMC,78,0,0,1.0,0.0,0.0,True,1.0
FUUVZHIIBA,116,0,0,1.0,0.0,0.0,True,0.5641025641025641
FWAZYSBZWD,156,0,0,0.626984126984127,0.0,0.0,True,0.3492063492063492
QUJTKNWJQG,246,149,149,1.0,0.0,0.0,True,0.0
KFSQRUDMJM,192,0,0,1.0,0.0,0.0,True,0.06790123456790123
LWDKBWBNWO,142,0,0,1.0,0.0,0.0,True,0.0
JIMXXGRJAZ,151,0,0,1.0,0.0,0.0,True,0.0
IHLFQJGUCA,354,152,152,1.0,0.0,0.0,False,0.0
KOGMOYEDST,447,152,152,1.0,0.0,0.0,False,0.04316546762589928
JZXATWNYBR,7567,152,152,1.0,0.0,0.0,False,0.0
VQSDBGUECO,4143,152,152,1.0,0.0,0.0,False,0.0
KZNFWIGWAR,322,144,144,1.0,0.0,0.0,True,0.0
ELHVFMLTHD,996,143,143,1.0,0.0,0.2950310559006211,True,0.005175983436853002
PQCHPDYUDQ,140,0,0,1.0,0.0,0.0,True,0.0
LLWPNRDVEP,7480,152,152,1.0,0.0,0.0,False,0.0
HIVTAPDDII,1855,152,152,1.0,0.0,0.0,False,0.002191780821917808
FJKDHANNDN,384,151,151,1.0,0.0,0.0,True,0.005649717514124294
JWCOLPPLHR,250,152,152,1.0,0.0,0.0,False,0.0
KBHJRTBBBA,557,151,151,1.0,0.0,0.0,True,0.0
ZGNAUTGOMV,647,152,152,1.0,0.0,0.0,False,0.0
JXKYHHZBDA,258,148,148,0.9868421052631579,0.0,0.0,True,0.07894736842105263
NARUBTXBEN,598,1,1,0.0,0.0,0.0,True,0.0
KBFZLXHNGI,347,62,62,1.0,0.0,0.8832807570977917,True,0.0
LZPNNMEGBW,176,0,0,0.0684931506849315,0.0,0.0,True,0.04794520547945205
CHDXBCCGVJ,1658,150,150,0.980958230958231,0.0,0.0,True,0.0
FKAUENFRLZ,7147,152,152,0.9918504988056766,0.0,0.0,False,0.0
ZIAMSQKJKG,1391,152,152,1.0,0.0,0.0,False,0.0
JCLXTMQBWR,180,0,0,1.0,0.0,0.0,True,0.0
EWUDSCKYQY,12886,152,152,0.9975886745488488,0.0,0.0,False,0.0005444928438083386
IWRRCDFYVU,1150,152,152,0.9723214285714286,0.0,0.0,False,0.0
JIMTOMDUGE,78,0,0,1.0,0.0,0.0,True,1.0
YHMDGCRVXQ,116,0,0,1.0,0.0,0.0,True,0.13953488372093023
REAWOWNVEH,21506,152,152,0.9985565282175451,0.0,0.0,False,0.0
DQYJTIHYRI,2029,147,147,0.968984492246123,0.0,0.0,True,0.0030015007503751876
UMCAIXEBHR,4044,152,152,0.9845540607872446,0.0,0.0,False,0.0
ZMIZXOISPQ,1311,151,151,1.0,0.0,0.0,True,0.00078064012490242
HDQUAEISXO,2320,86,86,0.0,0.0,0.0,True,0.0
VTCMXIULKF,162,0,0,0.691358024691358,0.0,0.0,True,0.25925925925925924
DSSSHXSRRR,190,0,0,1.0,0.0,0.0,True,0.0375
KCDRYAGLDM,111,0,0,1.0,0.0,0.0,True,0.5185185185185185
LPEHMXKCSP,294,151,151,1.0,0.0,0.0,True,0.0
BKJEBYVDMO,1488,151,151,1.0,0.0,0.0,True,0.0006858710562414266
LMXIWXLRGH,186,0,0,1.0,0.0,0.0,True,0.0
HLQDIUIFMV,452,150,150,1.0,0.0,0.0,True,0.0
IVBWPBOSIH,224,149,226,1.0,0.0,0.0,True,0.0
TKCDJAHXWS,4677,152,152,1.0,0.0,0.05143103077254142,False,0.0
FSZCULYWHS,3148,20,20,0.0,0.0,0.0,True,0.0
WMZMCUWIBR,234,150,150,1.0,0.0,0.0,True,0.0
SZWMKPLLFU,17564,152,152,0.9927569293943196,0.0,0.0,False,0.0006843846241587772
YMSXPTCIIT,6724,152,152,0.9861069614580221,0.0,0.0,False,0.0
MYWXOGVAWZ,879,151,151,1.0,0.0,0.0,True,0.0
SCETOPSVWB,191,0,0,1.0,0.0,0.0,True,0.0
BEUWJRUCXZ,140,0,0,1.0,0.0,0.0,True,0.0
EGKQNWWTGQ,132,0,0,1.0,0.0,0.0,True,0.28431372549019607
GNHORKMYAT,451,150,150,1.0,0.0,0.0,True,0.030878859857482184
FPOFVQUQXV,138,0,0,0.4722222222222222,0.0,0.0,True,0.42592592592592593
HMCFCJAHMX,126,0,0,0.4270833333333333,0.0,0.0,True,0.25
FQWPDRBWNK,1216,152,152,0.9477234401349073,0.0,0.0,False,0.0
VTLDLTFCAK,101,0,0,1.0,0.0,0.0,True,0.0
JVEDROKZRE,115,0,0,1.0,0.0,0.0,True,0.0
NQUYCLRFID,110,0,0,1.0,0.0,0.0,True,0.0
MVLLFKBFLS,6253,152,152,0.9900369596657561,0.0,0.0,False,0.0
LNNSKBZVUA,717,136,138,1.0,0.0,0.0,True,0.005822416302765648
JHHWTYQPFF,240,147,147,1.0,0.0,0.0,True,0.0
QDXYDIVANS,153,0,0,1.0,0.0,0.0,True,0.0
OMLUELMPOA,110,0,0,0.19444444444444445,0.0,0.0,True,0.5833333333333334
ZWYKZDRDNH,1043,150,150,1.0,0.0,0.0,True,0.013820335636722606
ZYBMTZNETY,39,0,0,1.0,0.0,0.0,True,1.0
IDHTXETRWG,303,151,151,0.8864468864468864,0.0,0.0,True,0.0
MWKFTCPIAJ,78,0,0,1.0,0.0,0.0,True,1.0
RBEQVVFZGQ,107,0,0,0.6233766233766234,0.0,0.0,True,0.0
RRHNHAVHLT,170,0,0,0.5857142857142857,0.0,0.0,True,0.3
ULWEQLDTMO,670,147,197,0.9515625,0.0,0.9515625,True,0.0
XDZLATOKAB,78,0,0,1.0,0.0,0.0,True,1.0
DTAQZEDWRX,712,151,151,1.0,0.0,0.0,True,0.007331378299120235
IFPMIPCOLP,153,0,0,0.04065040650406504,0.0,0.0,True,0.0
VSOFIRMCFT,248,152,152,1.0,0.0,0.0,False,0.0
ACALQVMJKM,285,152,152,1.0,0.0,0.0,False,0.0
LSLSQKAPWR,383,84,84,0.0,0.0,0.0,True,0.0
ZELHCKYIAY,169,0,0,0.0,0.0,0.0,True,0.0
QPXSEBIYMS,932,151,151,1.0,0.0,0.0,True,0.0
QZPPRMCCOD,146,0,0,1.0,0.0,0.0,True,0.0
IRINZMIRST,1345,146,146,0.9855513307984791,0.0,0.0,True,0.02737642585551331
JITNOBOWES,78,0,0,1.0,0.0,0.0,True,1.0
FMKTXJFMRN,264,150,150,1.0,0.0,0.0,True,0.0
TGIIZAFUVH,533,140,140,0.0,0.0,0.0,True,0.0
HWUIQEEWZQ,135,0,0,1.0,0.0,0.0,True,0.0
QCNUMWYVXR,6639,152,152,0.9953094265395672,0.0,0.0,False,0.00045392646391284613
NKHHYKPXGW,251,151,151,1.0,0.0,0.0,True,0.0
GAXVECFFLZ,132,0,0,1.0,0.0,0.0,True,0.3137254901960784
SRAJARZWKK,114,0,0,1.0,0.0,0.0,True,0.19298245614035087
LZENCEKTOB,4501,152,152,0.9930274403958614,0.0,0.0,False,0.0038236617183985606
VMQEBHVAKG,109,0,0,0.1643835616438356,0.0,0.0,True,0.589041095890411
OXFFLHWRUU,620,151,151,1.0,0.0,0.0,True,0.0
HIZNHIWIMT,78,0,0,1.0,0.0,0.0,True,1.0
MKJPGPQQSK,4680,152,152,1.0,0.0,0.0,False,0.0
RYFZJJZPGG,78,0,0,1.0,0.0,0.0,True,1.0
EJUGGTSLXX,15106,152,152,0.9920403289997347,0.0,0.0,False,0.0
NQTZAIGFBZ,21377,152,152,0.9970956106244437,0.0,0.0,False,0.00046844989928327167
VUTIJNJPLH,7540,152,152,1.0,0.0,0.0,False,0.0
OSQBXUTUUD,4317,152,152,0.9874496803220459,0.0,0.0,False,0.005683163627752783
PJDXRDECYJ,1044,152,152,0.9694280078895463,0.0,0.0,False,0.0
NTQGECGETG,504,152,265,0.8966244725738397,0.0,0.0,False,0.12025316455696203
DZMPUPKIMP,1169,149,149,0.9727831431079894,0.0,0.0,True,0.0
PKREYFRCXS,6643,152,152,1.0,0.0,0.0,False,0.0013609556933313171
MHNTPWPGPJ,566,152,152,1.0,0.0,0.0,False,0.0
WZSDVNICEV,108,0,0,1.0,0.0,0.0,True,0.3888888888888889
NSEPIOVAHM,1452,148,148,1.0,0.0,0.0,True,0.0
XTXYUTRIBZ,526,152,774,1.0,0.0,0.875,False,0.0
JVDAWOJSEF,8145,152,152,0.9961723669588838,0.0,0.0,False,0.0
DPQHRDPZCZ,4609,152,152,0.9932299628739899,0.0,0.2941690325398559,False,0.0052413190652981
NMGXKUDLYE,256,127,135,1.0,0.0,0.0,True,0.0
SECHSLUXYZ,1076,152,152,0.9493307839388145,0.0,0.0,False,0.019120458891013385
BJXGUPBDCC,9790,152,152,1.0,0.0,0.12341869793273681,False,0.0
DLJDKBNCUT,102,0,0,1.0,0.0,0.0,True,0.8472222222222222
BRPTTMAAOT,742,151,151,0.9564606741573034,0.0,0.0,True,0.0
SXPLLEJWQH,103,0,0,1.0,0.0,0.0,True,0.0
EBPKYEYDPQ,120,0,0,1.0,0.0,0.0,True,0.5411764705882353
TIRHVRLUOQ,80,0,0,1.0,0.0,0.0,True,1.0
CDFMBYSBWR,311,152,152,1.0,0.0,0.0,False,0.0
LVJEXLXKVX,21453,152,152,0.9959389441254726,0.0,0.0,False,9.335760631097419e-05
PDLXBQZEKG,150,0,0,1.0,0.0,0.0,True,0.10619469026548672
KPHDDQYMUY,337,122,122,1.0,0.0,0.0,True,0.0
FTSIZLSKLU,138,0,0,0.0,0.0,0.0,True,0.0
JLKDMCOKOB,2272,152,152,0.9723461195361285,0.0,0.0,False,0.0
KEHEKONKCT,388,152,152,1.0,0.0,0.0,False,0.0
LHTOUQBCDG,158,0,0,1.0,0.0,0.0,True,0.0078125
OUQFYRSWBE,43948,152,152,0.9971765563094859,0.0,0.0,False,0.0
IYTJJVAEVS,177,0,0,0.43537414965986393,0.0,0.0,True,0.36054421768707484
SGFPGBPDCL,203,114,147,1.0,0.0,0.0,True,0.2947976878612717
OLXHLKXTCL,136,0,0,0.839622641509434,0.0,0.0,True,0.4811320754716981
GLWYGJATFH,299,150,150,1.0,0.0,0.0,True,0.22304832713754646
EUTHSVVIJO,136,0,0,0.5540540540540541,0.0,0.0,True,0.5540540540540541
ZSORSYVPGA,134,0,0,0.11538461538461539,0.0,0.0,True,0.41346153846153844
BKOCDGJJSF,1195,149,149,1.0,0.0,0.0,True,0.0
HYGBFXKCPN,416,152,152,0.9196891191709845,0.0,0.0,False,0.0
ERYRXOHYNM,847,151,151,1.0,0.0,0.0,True,0.0
HYLOZHLOHX,28872,152,152,0.9946258927952292,0.0,0.0,False,0.0007281048470979821
HDPWQJTCIM,5279,152,152,0.9940941131644123,0.0,0.0,False,0.0
KYOBSZLXBQ,110,0,0,1.0,0.0,0.0,True,0.8548387096774194
DHDCYTAZYJ,105,0,0,0.6533333333333333,0.0,0.0,True,0.6533333333333333
WTILXSFHZN,26292,152,152,0.9942502475059021,0.0,0.0,False,0.0
PMDJGWNGGU,12250,152,152,0.9898527004909984,0.0,0.0,False,0.00016366612111292964
ZUQYRZLBDT,2465,152,152,0.9872375463153561,0.0,0.0,False,0.0008233841086867024
GZIBPRETJN,934,1,1,0.0,0.0,0.0,True,0.008168028004667444
AVBUDEDILE,159,0,0,1.0,0.0,0.0,True,0.015503875968992248
GOTFIRCTHE,1074,151,151,1.0,0.0,0.0,True,0.01053639846743295
ITZKCMRHZL,1211,152,152,1.0,0.0,0.0,False,0.0
UKCWXULLXB,2605,151,151,1.0,0.0,0.0,True,0.0
CTFDNBYACG,116,0,0,1.0,0.0,0.0,True,0.023255813953488372
KGSIXUVCBG,12411,152,152,1.0,0.0,0.0,False,0.00040404040404040404
YYGPVDEQRZ,1595,152,152,0.9801916932907349,0.0,0.0,False,0.0
INBJJREJKR,78,0,0,1.0,0.0,0.0,True,1.0
VMTOLIFBZI,6586,152,152,0.9867297132397803,0.0,0.0,False,0.0
PPTTIWKJJX,118,0,0,1.0,0.0,0.0,True,1.0
XOZCUEPBYO,5588,152,152,1.0,0.0,0.0,False,0.0
VWZJUCIQCO,766,152,304,1.0,0.0,0.8654891304347826,False,0.0
OTQGUWAUZV,78,0,0,1.0,0.0,0.0,True,1.0
CRDCTAWXQU,300,151,2090,1.0,1.0,1.0,True,0.0
MARTHQKLUE,164,0,0,1.0,0.0,0.0,True,0.0
FLUFVULWKX,333,147,148,0.8976897689768977,0.0,0.0,True,0.0
LLQHFKELXR,154,0,0,1.0,0.0,1.0,True,0.0
SSFGQSPOIG,594,152,153,1.0,0.0,0.0,False,0.0
WNPDLZZOJY,559,151,151,1.0,0.0,0.0,True,0.0
NOQNWNBTQO,428,150,150,1.0,0.0,0.0,True,0.0
TYZMTADNAE,275,152,347,0.6816326530612244,0.0,0.0,False,0.0
FHMCLTYKDG,100,0,0,1.0,0.0,0.0,True,0.0
WMJQGJCFWW,2835,152,152,1.0,0.0,0.0,False,0.0024955436720142605
NZJTDKAUQY,509,91,91,1.0,0.0,0.0,True,0.0
HXWCFYXOSJ,253,1,1,0.0,0.0,0.0,True,0.0
QBCHIOKEOJ,236,150,150,1.0,0.0,0.0,True,0.0
DLKNIVSNPW,135,0,0,1.0,0.0,0.0,True,0.4
VVYEYRVRUM,452,152,152,1.0,0.0,0.0,False,0.018957345971563982
FYVPGKGPWD,117,0,0,1.0,0.0,0.0,True,0.0
QTNFXQERYB,3597,152,152,0.991309223437062,0.0,0.0,False,0.0
AJBIWUOYCB,112,0,0,1.0,0.0,0.0,True,0.0
AULELPUHNX,1500,151,151,0.9789115646258504,0.0,0.0,True,0.0
VBKAUJIEFJ,356,14,14,0.0,0.0,0.0,True,0.0
SKGNMKRNQK,148,0,0,0.9067796610169492,0.0,0.0,True,0.0
TPTUTOYHCB,9640,152,152,0.9997917100604041,0.0,0.0,False,0.002082899395959175
ZSCXWNAHQO,11827,152,152,0.9882173433923879,0.0,0.0,False,0.0022887174705433586
LQLHTALPAZ,225,4,4,1.0,0.0,0.0,True,0.1794871794871795
AWXGPBDJKH,248,151,151,1.0,0.0,0.0,True,0.0
PXFZRLHZSM,40392,152,152,0.9962093057826669,0.0,0.03196075516574996,False,0.0
YUYWSSCNHI,344,152,152,1.0,0.0,0.0,False,0.0
RUEMNQKFGR,3724,152,152,1.0,0.0,0.0,False,0.0005414185165132648
ZVXOQIIRZC,2646,152,152,1.0,0.0,0.0,False,0.0011467889908256881
HCTDCBOBAR,542,152,152,1.0,0.0,0.0,False,0.0
YIUCANCHGW,613,152,304,0.9468267581475128,0.0,0.9468267581475128,False,0.0
TJJDUSYAUA,2540,152,152,0.9717131474103585,0.0,0.09243027888446215,False,0.0
IQUOSBFSMZ,186,0,0,1.0,0.0,0.0,True,0.0
VSXZJFUQHH,105,0,0,0.8714285714285714,0.0,0.0,True,0.9285714285714286
WMIEGILXMZ,1410,79,79,0.0,0.0,0.0,True,0.0
EHUOCZPAIO,421,145,145,0.9207161125319693,0.0,0.0,True,0.0
RIYREVXBBT,431,1,1,0.0,0.0,0.0,True,0.0
NWQXKBQSEG,321,152,152,0.8831615120274914,0.0,0.0,False,0.006872852233676976
RBQXTWOKKC,164,0,0,0.753731343283582,0.0,0.0,True,0.26119402985074625
NDTCPMSPAK,111,0,0,0.6172839506172839,0.0,0.0,True,0.012345679012345678
WRQTBMANPU,204,152,152,1.0,0.0,0.0,False,0.3333333333333333
CFOCIHHLUX,530,152,167,0.874,0.0,0.0,False,0.056
PKOBWNKIYA,459,152,153,1.0,0.0,0.0,False,0.0
WHEETRZUQX,373,152,206,0.9183673469387755,0.0,0.0,False,0.04664723032069971
PXDGPBVOKV,19702,152,152,0.9952724684831232,0.0,0.0,False,0.00010166734444896299
QQYSLRDUPT,167,0,0,0.8321167883211679,0.0,0.6861313868613139,True,0.25547445255474455
JIHDAHYMUQ,102,0,0,1.0,0.0,0.0,True,0.0
DMFPJWCFLV,362,151,151,1.0,0.0,0.0,True,0.11144578313253012
XEELOGQYUL,108,0,0,1.0,0.0,0.0,True,1.0
MVJHDXPBLX,195,0,0,1.0,0.0,0.0,True,0.0
TSYEQVAYXC,1298,145,145,1.0,0.0,0.0,True,0.007097791798107256
SGCKVCHUOX,103,0,0,0.7534246575342466,0.0,0.0,True,0.5616438356164384
TZHOHIMDGO,78,0,0,1.0,0.0,0.0,True,1.0
LDNJDNHJEH,19965,152,152,0.9968898921494859,0.0,0.0,False,0.00020065211938801104
PMSGVWRAFO,154,0,0,1.0,0.0,0.0,True,0.14516129032258066
AZJPMXJSWU,119,0,0,0.6404494382022472,0.0,0.0,True,0.6067415730337079
QGKSRRANUG,202,152,152,1.0,0.0,0.0,False,0.0
HOXOYTMTYE,104,0,0,0.0,0.0,0.0,True,0.8918918918918919
CRZZFKLBQT,4605,152,152,0.993224043715847,0.0,0.0,False,0.0
QSVFPWPDYG,1320,152,152,0.9829457364341085,0.0,0.0,False,0.0
UFWCHZAASF,178,0,0,1.0,0.0,0.0,True,0.0
OGGEARZRYX,376,149,149,1.0,0.0,0.0,True,0.0
FLNSWRWXHA,388,152,296,1.0,0.0,0.0,False,0.0
LVRRQJSSCY,163,0,0,0.0,0.0,0.0,True,0.40601503759398494
OJKYLATZVJ,1022,151,151,1.0,0.0,0.2590725806451613,True,0.0
ZBRPZQEXUX,202,148,148,1.0,0.0,0.0,True,0.0
KGAPPZAKCC,4158,152,152,0.9924903100775194,0.0,0.0,False,0.0
MNULEFKXKQ,73572,152,152,0.9937450708438715,0.0,0.0,False,1.3597672078540155e-05
EDXMFUVGYH,121,0,0,0.43956043956043955,0.0,0.0,True,0.0
PAYLTFUTOO,8108,152,152,0.992077246843278,0.0,0.0,False,0.0037137905422134194
CRLVQOVBXB,1782,152,152,0.992579908675799,0.0,0.0,False,0.0
LDJZOROPAT,2355,152,152,1.0,0.0,0.0,False,0.0
ILOGHJUMDZ,186,0,0,1.0,0.0,0.0,True,0.0
TYWWLAUMCL,2819,62,63,1.0,0.0,0.0,True,0.004302617425600574
PETEYRVCOB,122,0,0,1.0,0.0,0.4891304347826087,True,0.0
FRWNOFQHUH,365,152,152,1.0,0.0,0.0,False,0.0
HVZIYSQEBL,115,0,0,1.0,0.0,0.0,True,0.0
AIIDASMLPO,9501,152,152,0.993453700770774,0.0,0.0,False,0.0
NAODJWQLLS,826,1,1,0.0,0.0,0.0,True,0.0
USMNLWDQUP,349,149,149,0.01567398119122257,0.0,0.0,True,0.018808777429467086
TYVNSTJIDS,1066,150,150,1.0,0.0,0.0,True,0.0
VSHQFUFAAD,106,0,0,1.0,0.0,0.0,True,0.0
DQPLUALPPM,11446,152,152,0.9988612473721094,0.0,0.0,False,0.0
RAJIPAQLOS,191,0,0,1.0,0.0,0.0,True,0.0
ANRFTNKCJT,15472,152,152,0.9992876570392436,0.0,0.0,False,0.001165652117601347
JULHYSBIBB,150,0,0,0.025,0.0,0.0,True,0.025
MLQNZIRKNR,132,0,0,1.0,0.0,0.0,True,0.0
IFWCMPCKUM,37380,152,152,0.9925301204819277,0.0,0.0,False,0.0
IEIDIBPKLF,179,0,0,0.5436241610738255,0.0,0.0,True,0.0
YMEFZDUAFR,130,0,0,1.0,0.0,0.0,True,0.56
SGQBXOZDZO,5905,152,152,0.9894468085106383,0.0,0.000851063829787234,False,0.00017021276595744682
KBYIQAZQHD,3477,152,152,1.0,0.0,0.0,False,0.0
VEBKBTLRGB,120,0,0,1.0,0.0,0.0,True,0.0
JTAWCBGGXK,116,0,0,1.0,0.0,0.0,True,0.5465116279069767
YKZWBMZIQE,126,0,0,1.0,0.0,0.0,True,0.03125
PTBKVVSGQU,540,152,152,1.0,0.0,0.0,False,0.0
DUWUDDSLKV,209,150,207,1.0,0.0,0.0,True,0.2849162011173184
RBVUPZVNLF,411,151,151,1.0,0.0,0.4881889763779528,True,0.0
YYYTYRRQQP,156,0,0,1.0,0.0,0.0,True,0.0
FMKKHWMSGT,250,152,152,1.0,0.0,0.0,False,0.0
ZADAWRRPVZ,102,0,0,1.0,0.0,0.0,True,0.0
HDZSWHKWTN,823,152,152,1.0,0.0,1.0,False,0.0
YDUNMXBSRG,4063,152,152,1.0,0.0,0.0,False,0.0017356806347632037
VGLSMFPJUX,169,0,0,1.0,0.0,1.0,True,0.04316546762589928
KOIFZHSRBT,208,152,152,1.0,0.0,0.0,False,0.0
FSMERFSGTG,821,1,1,0.0,0.0,0.0,True,0.0
WFYHSJTOTI,12032,152,152,0.9845025829028495,0.0,0.0,False,0.0
AWSKMGTNYT,343,151,151,1.0,0.0,0.0,True,0.0
FKZYOMGNBF,349,151,151,1.0,0.0,0.0,True,0.0
