SampleID	Species	Dataset	LRAsm_TotalLen	LRAsm_Ncontigs	LRAsm_GCcontent	LRAsm_N50	LRAsm_NumCDS	SRAsm_TotalLen	SRAsm_Ncontigs	SRAsm_GCcontent	SRAsm_N50	SRAsm_NumCDS
N0072	Mtb	Mtb_151CI	4421404	1	65.6	4421404.0	4051	4353633	104	65.5	120698.0	4064
N0072	Mtb	Mtb_151CI	4389181	1	65.6	4389181.0	4041	4331132	116	65.5	90314.0	4048
N0072	Mtb	Mtb_151CI	4419922	1	65.6	4419922.0	4083	4332706	114	65.6	93741.0	4058
N0072	Mtb	Mtb_151CI	4413161	1	65.6	4413161.0	4072	4333175	123	65.6	93845.0	4066
N0072	Mtb	Mtb_151CI	4413335	1	65.6	4413335.0	4072	4337975	113	65.6	105302.0	4039
N0072	Mtb	Mtb_151CI	4416641	1	65.6	4416641.0	4070	4336382	115	65.6	98905.0	4048
N0072	Mtb	Mtb_151CI	4408323	1	65.6	4408323.0	4068	4291107	120	65.6	89994.0	3995
N0072	Mtb	Mtb_151CI	4418597	1	65.6	4418597.0	4079	4338382	106	65.6	96284.0	4057
N0072	Mtb	Mtb_151CI	4419941	1	65.6	4419941.0	4081	4303268	107	65.6	95093.0	4009
N0072	Mtb	Mtb_151CI	4409500	1	65.6	4409500.0	4065	4337496	106	65.6	93794.0	4047
N0072	Mtb	Mtb_151CI	4421169	1	65.6	4421169.0	4098	4285088	140	65.4	72515.0	4021
N0072	Mtb	Mtb_151CI	4410922	1	65.6	4410922.0	4073	4320054	111	65.6	98633.0	4029
N0072	Mtb	Mtb_151CI	4416847	1	65.6	4416847.0	4077	4325571	131	65.6	81080.0	4026
N0072	Mtb	Mtb_151CI	4415274	1	65.6	4415274.0	4076	4284305	118	65.5	71184.0	4016
N0072	Mtb	Mtb_151CI	4418497	1	65.6	4418497.0	4082	4322631	108	65.6	98651.0	4046
N0072	Mtb	Mtb_151CI	4409590	1	65.6	4409590.0	4065	4341605	89	65.6	124131.0	4005
N0072	Mtb	Mtb_151CI	4423516	1	65.6	4423516.0	4076	4319932	101	65.6	92078.0	4030
N0072	Mtb	Mtb_151CI	4439091	1	65.6	4439091.0	4098	4357916	117	65.5	80128.0	4080
N0072	Mtb	Mtb_151CI	4433932	1	65.6	4433932.0	4101	4345693	114	65.5	91626.0	4072
N0072	Mtb	Mtb_151CI	4393775	1	65.6	4393775.0	4058	4336470	87	65.6	161474.0	4021
N0072	Mtb	Mtb_151CI	4406184	1	65.6	4406184.0	4070	4313724	85	65.5	108349.0	4026
N0072	Mtb	Mtb_151CI	4416715	1	65.6	4416715.0	4063	4361556	119	65.6	105693.0	4044
N0072	Mtb	Mtb_151CI	4420979	1	65.6	4420979.0	4074	4247535	100	65.4	83451.0	3990
N0072	Mtb	Mtb_151CI	4396361	1	65.6	4396361.0	4058	4279899	119	65.4	91968.0	4012
N0072	Mtb	Mtb_151CI	4427007	1	65.6	4427007.0	4082	4349241	79	65.6	129221.0	4032
N0072	Mtb	Mtb_151CI	4422503	1	65.6	4422503.0	4081	4343732	96	65.6	125268.0	4025
N0072	Mtb	Mtb_151CI	4409225	1	65.6	4409225.0	4076	4343974	119	65.6	101656.0	4031
N0072	Mtb	Mtb_151CI	4400005	1	65.6	4400005.0	4053	4310532	105	65.5	96314.0	4035
N0072	Mtb	Mtb_151CI	4407304	1	65.6	4407304.0	4074	4262729	104	65.5	114451.0	3967
N0072	Mtb	Mtb_151CI	4411079	1	65.6	4411079.0	4080	4342154	97	65.5	110840.0	4059
N0072	Mtb	Mtb_151CI	4402421	1	65.6	4402421.0	4060	4338616	106	65.6	99182.0	4039
N0072	Mtb	Mtb_151CI	4426547	1	65.6	4426547.0	4079	4369593	104	65.6	130438.0	4019
N0072	Mtb	Mtb_151CI	4415465	1	65.6	4415465.0	4073	4351713	90	65.6	136573.0	4046
N0072	Mtb	Mtb_151CI	4438319	1	65.6	4438319.0	4096	4374270	103	65.6	125225.0	4060
N0072	Mtb	Mtb_151CI	4431508	1	65.6	4431508.0	4102	4365608	98	65.6	105878.0	4048
N0072	Mtb	Mtb_151CI	4391329	1	65.6	4391329.0	4048	4323637	111	65.6	114628.0	4026
N0072	Mtb	Mtb_151CI	4406034	1	65.6	4406034.0	4071	4349384	95	65.6	110039.0	4037
N0072	Mtb	Mtb_151CI	4411941	1	65.6	4411941.0	4072	4335013	105	65.6	87507.0	4055
N0072	Mtb	Mtb_151CI	4391492	1	65.6	4391492.0	4047	4315508	111	65.6	124471.0	4046
N0072	Mtb	Mtb_151CI	4435101	1	65.6	4435101.0	4085	4340530	105	65.6	109983.0	4043
N0072	Mtb	Mtb_151CI	4397821	1	65.6	4397821.0	4056	4257899	84	65.4	98672.0	3979
N0072	Mtb	Mtb_151CI	4414182	1	65.6	4414182.0	4075	4345888	99	65.6	113287.0	4052
N0072	Mtb	Mtb_151CI	4421126	1	65.6	4421126.0	4090	4261973	119	65.5	81506.0	4001
N0072	Mtb	Mtb_151CI	4426379	1	65.6	4426379.0	4083	4314710	141	65.5	67877.0	4046
N0072	Mtb	Mtb_151CI	4391641	1	65.6	4391641.0	4030	4315768	122	65.5	83910.0	4033
N0072	Mtb	Mtb_151CI	4385023	1	65.6	4385023.0	4020	4182467	255	65.3	27030.0	3979
N0072	Mtb	Mtb_151CI	4387633	1	65.6	4387633.0	4027	4319819	114	65.5	82343.0	4032
N0072	Mtb	Mtb_151CI	4379891	1	65.6	4379891.0	4073	4247417	105	65.5	87845.0	3992
N0072	Mtb	Mtb_151CI	4409519	1	65.6	4409519.0	4102	4307305	134	65.5	62483.0	4041
N0072	Mtb	Mtb_151CI	4412289	1	65.6	4412289.0	4117	4296014	139	65.5	65483.0	4026
N0072	Mtb	Mtb_151CI	4411020	1	65.6	4411020.0	4125	4306334	129	65.5	82649.0	4037
N0072	Mtb	Mtb_151CI	4411340	1	65.6	4411340.0	4116	4303643	137	65.5	82650.0	4023
N0072	Mtb	Mtb_151CI	4419908	1	65.6	4419908.0	4115	4314186	134	65.5	72967.0	4036
N0072	Mtb	Mtb_151CI	4418664	1	65.6	4418664.0	4135	4313133	144	65.5	76319.0	4049
N0072	Mtb	Mtb_151CI	4411227	1	65.6	4411227.0	4115	4284128	134	65.5	70774.0	4013
N0072	Mtb	Mtb_151CI	4410905	1	65.6	4410905.0	4128	4278812	157	65.4	55926.0	4017
N0072	Mtb	Mtb_151CI	4427966	1	65.6	4427966.0	4120	4311713	138	65.4	69238.0	4059
N0072	Mtb	Mtb_151CI	4427898	1	65.6	4427898.0	4108	4322809	132	65.5	69354.0	4075
N0072	Mtb	Mtb_151CI	4428080	1	65.6	4428080.0	4114	4305029	131	65.4	75212.0	4055
N0072	Mtb	Mtb_151CI	4414696	1	65.6	4414696.0	4099	4295002	130	65.4	70823.0	4035
N0072	Mtb	Mtb_151CI	4415039	1	65.6	4415039.0	4084	4298479	121	65.5	81608.0	4024
N0072	Mtb	Mtb_151CI	4415087	1	65.6	4415087.0	4085	4291942	139	65.4	64051.0	4037
N0072	Mtb	Mtb_151CI	4397872	1	65.6	4397872.0	4082	4208044	139	65.5	60844.0	3923
N0072	Mtb	Mtb_151CI	4407987	1	65.6	4407987.0	4085	4288182	134	65.5	68064.0	4018
N0072	Mtb	Mtb_151CI	4406927	1	65.6	4406927.0	4090	4265617	141	65.4	69132.0	3995
N0072	Mtb	Mtb_151CI	4423808	1	65.6	4423808.0	4073	4339785	100	65.6	127880.0	4050
N0072	Mtb	Mtb_151CI	4415016	1	65.6	4415016.0	4073	4289808	110	65.4	82278.0	4035
N0072	Mtb	Mtb_151CI	4416685	1	65.6	4416685.0	4066	4316294	114	65.5	116279.0	4039
N0072	Mtb	Mtb_151CI	4421064	1	65.6	4421064.0	4071	4337874	97	65.5	125605.0	4049
N0072	Mtb	Mtb_151CI	4421688	1	65.6	4421688.0	4071	4336242	103	65.6	125547.0	4053
N0072	Mtb	Mtb_151CI	4423071	1	65.6	4423071.0	4065	4342745	95	65.6	151003.0	4048
N0072	Mtb	Mtb_151CI	4420545	1	65.6	4420545.0	4078	4284045	127	65.4	70657.0	4043
N0072	Mtb	Mtb_151CI	4413185	1	65.6	4413185.0	4065	4314468	119	65.5	98635.0	4034
N0072	Mtb	Mtb_151CI	4422463	1	65.6	4422463.0	4059	4323772	121	65.5	94731.0	4056
N0072	Mtb	Mtb_151CI	4422293	1	65.6	4422293.0	4069	4316342	121	65.5	116280.0	4039
N0072	Mtb	Mtb_151CI	4417553	1	65.6	4417553.0	4067	4309642	109	65.5	124485.0	4022
N0072	Mtb	Mtb_151CI	4431372	1	65.6	4431372.0	4105	4353052	110	65.5	84311.0	4068
N0072	Mtb	Mtb_151CI	4417816	1	65.6	4417816.0	4066	4335320	119	65.5	80578.0	4066
N0072	Mtb	Mtb_151CI	4424107	1	65.6	4424107.0	4092	4286639	139	65.5	69061.0	4054
N0072	Mtb	Mtb_151CI	4424337	1	65.6	4424337.0	4090	4327554	111	65.6	93793.0	4044
N0072	Mtb	Mtb_151CI	4423181	1	65.6	4423181.0	4105	4281018	143	65.5	63988.0	4064
N0072	Mtb	Mtb_151CI	4422915	1	65.6	4422915.0	4085	4330048	114	65.6	105458.0	4053
N0072	Mtb	Mtb_151CI	4407685	1	65.6	4407685.0	4105	4247943	161	65.3	44297.0	4017
N0072	Mtb	Mtb_151CI	4423083	1	65.6	4423083.0	4090	4328861	118	65.6	98641.0	4012
N0072	Mtb	Mtb_151CI	4424135	1	65.6	4424135.0	4099	4303768	131	65.5	80815.0	4031
N0072	Mtb	Mtb_151CI	4413582	1	65.6	4413582.0	4078	4302546	124	65.5	93794.0	4020
N0072	Mtb	Mtb_151CI	4417392	1	65.6	4417392.0	4079	4325344	112	65.6	105458.0	4032
N0072	Mtb	Mtb_151CI	4422920	1	65.6	4422920.0	4088	4327500	110	65.6	105458.0	4044
N0072	Mtb	Mtb_151CI	4424331	1	65.6	4424331.0	4084	4325452	114	65.6	98849.0	4029
N0072	Mtb	Mtb_151CI	4414185	1	65.6	4414185.0	4076	4318155	118	65.6	92391.0	4049
N0072	Mtb	Mtb_151CI	4424339	1	65.6	4424339.0	4084	4326482	119	65.6	93844.0	4050
N0072	Mtb	Mtb_151CI	4417435	1	65.6	4417435.0	4092	4027491	274	65.8	24563.0	3862
N0072	Mtb	Mtb_151CI	4423031	1	65.6	4423031.0	4101	4302995	154	65.5	64011.0	4061
N0072	Mtb	Mtb_151CI	4416626	1	65.6	4416626.0	4100	4285904	138	65.4	69150.0	4030
N0072	Mtb	Mtb_151CI	4413730	1	65.6	4413730.0	4087	4315119	134	65.5	82386.0	4053
N0072	Mtb	Mtb_151CI	4409100	1	65.6	4409100.0	4068	4312725	126	65.5	82669.0	4028
N0072	Mtb	Mtb_151CI	4415341	1	65.6	4415341.0	4093	4275707	158	65.4	57394.0	4037
N0072	Mtb	Mtb_151CI	4407915	1	65.6	4407915.0	4086	4229221	139	65.4	55885.0	4019
N0072	Mtb	Mtb_151CI	4407973	1	65.6	4407973.0	4088	4289572	135	65.4	74076.0	4039
N0072	Mtb	Mtb_151CI	4407959	1	65.6	4407959.0	4077	4280520	122	65.5	78870.0	4035
N0072	Mtb	Mtb_151CI	4401483	1	65.6	4401483.0	4073	4283049	131	65.5	66858.0	4012
N0072	Mtb	Mtb_151CI	4401482	1	65.6	4401482.0	4070	4272017	141	65.4	64028.0	4033
N0072	Mtb	Mtb_151CI	4404350	1	65.6	4404350.0	4080	4276087	135	65.5	62754.0	4020
N0072	Mtb	Mtb_151CI	4409743	1	65.6	4409743.0	4068	4310351	124	65.6	77572.0	4033
N0072	Mtb	Mtb_151CI	4412154	1	65.6	4412154.0	4101	4279491	133	65.4	70100.0	4019
N0072	Mtb	Mtb_151CI	4410553	1	65.6	4410553.0	4088	4280472	141	65.4	64010.0	4014
N0072	Mtb	Mtb_151CI	4403008	1	65.6	4403008.0	4077	4272799	154	65.5	59679.0	4037
N0072	Mtb	Mtb_151CI	4406348	1	65.6	4406348.0	4071	4311634	133	65.5	74075.0	4034
N0072	Mtb	Mtb_151CI	4406007	1	65.6	4406007.0	4076	4302419	127	65.5	70770.0	4029
N0072	Mtb	Mtb_151CI	4406391	1	65.6	4406391.0	4074	4293189	134	65.5	78546.0	4042
N0072	Mtb	Mtb_151CI	4401464	1	65.6	4401464.0	4061	4306836	109	65.6	91965.0	4031
N0072	Mtb	Mtb_151CI	4401467	1	65.6	4401467.0	4068	4321897	130	65.5	74076.0	4041
N0072	Mtb	Mtb_151CI	4435607	1	65.6	4435607.0	4111	4326151	125	65.6	93093.0	4064
N0072	Mtb	Mtb_151CI	4420218	1	65.6	4420218.0	4064	4338169	105	65.6	123132.0	4041
N0072	Mtb	Mtb_151CI	4423942	1	65.6	4423942.0	4068	4339708	108	65.6	129197.0	4048
N0072	Mtb	Mtb_151CI	4410459	1	65.6	4410459.0	4059	4140485	374	65.6	21940.0	3967
N0072	Mtb	Mtb_151CI	4400183	1	65.6	4400183.0	4051	4317567	173	65.5	64474.0	4031
N0072	Mtb	Mtb_151CI	4411843	1	65.6	4411843.0	4062	4338556	90	65.6	128221.0	4038
N0072	Mtb	Mtb_151CI	4409395	1	65.6	4409395.0	4078	4302980	141	65.4	64489.0	4063
N0072	Mtb	Mtb_151CI	4403691	1	65.6	4403691.0	4064	4274494	115	65.4	81602.0	4019
N0072	Mtb	Mtb_151CI	4409425	1	65.6	4409425.0	4060	4310974	221	65.5	58952.0	4058
N0072	Mtb	Mtb_151CI	4407899	1	65.6	4407899.0	4061	4301138	113	65.5	81609.0	4014
N0072	Mtb	Mtb_151CI	4415841	1	65.6	4415841.0	4090	4272576	119	65.4	73126.0	4007
N0072	Mtb	Mtb_151CI	4412038	1	65.6	4412038.0	4065	4320542	93	65.6	125478.0	4023
N0072	Mtb	Mtb_151CI	4407516	1	65.6	4407516.0	4072	4266225	112	65.4	75185.0	3997
N0072	Mtb	Mtb_151CI	4410175	1	65.6	4410175.0	4055	4319639	94	65.5	110791.0	4040
N0072	Mtb	Mtb_151CI	4411356	1	65.6	4411356.0	4073	4301755	121	65.5	97681.0	4042
N0072	Mtb	Mtb_151CI	4412046	1	65.6	4412046.0	4076	4335241	93	65.5	116143.0	4046
N0072	Mtb	Mtb_151CI	4399276	1	65.6	4399276.0	4061	4332958	87	65.6	129245.0	4033
N0072	Mtb	Mtb_151CI	4413813	1	65.6	4413813.0	4080	4291240	124	65.4	72035.0	4032
N0072	Mtb	Mtb_151CI	4413764	1	65.6	4413764.0	4088	4312952	103	65.5	105693.0	4038
N0072	Mtb	Mtb_151CI	4386887	1	65.6	4386887.0	4060	4287019	99	65.5	113430.0	4009
N0072	Mtb	Mtb_151CI	4391037	1	65.6	4391037.0	4064	4282554	109	65.5	98632.0	4030
N0072	Mtb	Mtb_151CI	4401432	1	65.6	4401432.0	4062	4302433	105	65.5	84579.0	4013
N0072	Mtb	Mtb_151CI	4412629	1	65.6	4412629.0	4070	4308062	107	65.5	129254.0	4034
N0072	Mtb	Mtb_151CI	4408467	1	65.6	4408467.0	4070	4318267	118	65.5	105678.0	4037
N0072	Mtb	Mtb_151CI	4432325	1	65.6	4432325.0	4092	4288589	122	65.4	82740.0	4036
N0072	Mtb	Mtb_151CI	4396547	1	65.6	4396547.0	4058	4311803	120	65.5	105693.0	4035
N0072	Mtb	Mtb_151CI	4400393	1	65.6	4400393.0	4055	4330562	104	65.6	123675.0	4032
N0072	Mtb	Mtb_151CI	4400414	1	65.6	4400414.0	4061	4299464	115	65.5	87250.0	4019
N0072	Mtb	Mtb_151CI	4395643	1	65.6	4395643.0	4070	4287623	115	65.5	95672.0	4022
N0072	Mtb	Mtb_151CI	4400434	1	65.6	4400434.0	4053	4327156	109	65.5	116259.0	4047
N0072	Mtb	Mtb_151CI	4416386	1	65.6	4416386.0	4087	4266244	165	65.4	57709.0	4015
N0072	Mtb	Mtb_151CI	4424400	1	65.6	4424400.0	4090	4338300	107	65.6	104727.0	4036
N0072	Mtb	Mtb_151CI	4417384	1	65.6	4417384.0	4074	4349407	114	65.6	98884.0	4036
N0072	Mtb	Mtb_151CI	4416462	1	65.6	4416462.0	4074	4342998	114	65.6	104155.0	4046
N0072	Mtb	Mtb_151CI	4415289	1	65.6	4415289.0	4072	4342798	107	65.6	104744.0	4042
N0072	Mtb	Mtb_151CI	4413248	1	65.6	4413248.0	4072	4340583	108	65.6	113484.0	4029
N0072	Mtb	Mtb_151CI	4402641	1	65.6	4402641.0	4062	4341428	91	65.6	130052.0	4037
N0072	Mtb	Mtb_151CI	4412324	1	65.6	4412324.0	4051	4367135	83	65.6	152312.0	4029
N0072	Mtb	Mtb_151CI	4402641	1	65.6	4402641.0	4062	4340688	96	65.6	125379.0	4038
N0072	Ecoli	Ecoli_50CI	4953790	2	50.6	4837018.0	4628	4876656	126	50.6	136584.0	4548
N0072	Ecoli	Ecoli_50CI	4950024	2	50.6	4836715.0	4622	4874075	124	50.6	140582.0	4542
N0072	Ecoli	Ecoli_50CI	4951893	2	50.6	4835121.0	4627	4873484	129	50.6	136584.0	4538
N0072	Ecoli	Ecoli_50CI	4914446	4	50.9	4816129.0	4619	4833055	134	50.8	145533.0	4523
N0072	Ecoli	Ecoli_50CI	4947025	4	50.8	4793967.0	4583	4923212	104	50.7	213475.0	4601
N0072	Ecoli	Ecoli_50CI	5003596	3	50.6	4712803.0	4667	4929371	113	50.5	156616.0	4614
N0072	Ecoli	Ecoli_50CI	5065382	4	50.5	4697686.0	4742	4988902	121	50.4	192941.0	4689
N0072	Ecoli	Ecoli_50CI	4871902	2	50.8	4788290.0	4529	4805239	72	50.7	654736.0	4481
N0072	Ecoli	Ecoli_50CI	5430154	4	50.8	5114578.0	5127	5312384	216	50.8	110741.0	5003
N0072	Ecoli	Ecoli_50CI	5306908	5	50.6	5089337.0	4987	5180973	158	50.5	193542.0	4878
N0072	Ecoli	Ecoli_50CI	5364121	2	50.6	5206684.0	4992	5220892	230	50.6	241231.0	4832
N0072	Ecoli	Ecoli_50CI	5201279	1	50.6	5201279.0	4825	5107751	148	50.6	203099.0	4759
N0072	Ecoli	Ecoli_50CI	5592464	4	50.6	5411037.0	5397	5443259	314	50.5	203309.0	5247
N0072	Ecoli	Ecoli_50CI	5178044	4	50.6	4890452.0	4906	5090247	147	50.6	228458.0	4807
N0072	Ecoli	Ecoli_50CI	4889762	10	50.7	4777222.0	4596	4798387	126	50.6	125369.0	4476
N0072	Ecoli	Ecoli_50CI	4889651	10	50.7	4777111.0	4602	4798950	128	50.6	126242.0	4473
N0072	Ecoli	Ecoli_50CI	4988814	3	50.6	4800647.0	4655	4911461	110	50.6	173275.0	4572
N0072	Ecoli	Ecoli_50CI	4880263	2	50.8	4769572.0	4545	4793992	173	50.7	161123.0	4448
N0072	Ecoli	Ecoli_50CI	4832143	2	50.8	4818714.0	4479	4727944	116	50.8	287941.0	4387
N0072	Ecoli	Ecoli_50CI	5368790	6	50.5	4950306.0	5125	5230366	191	50.4	135008.0	4943
N0072	Ecoli	Ecoli_50CI	5368902	6	50.5	4950418.0	5126	5231739	186	50.4	140154.0	4944
N0072	Ecoli	Ecoli_50CI	4949620	7	50.5	4579250.0	4596	4880390	121	50.4	208325.0	4546
N0072	Ecoli	Ecoli_50CI	5032962	103	50.3	349949.0	4691	4850796	153	50.3	194432.0	4544
N0072	Ecoli	Ecoli_50CI	5094503	4	50.3	4866904.0	4758	4975089	149	50.3	199096.0	4661
N0072	Ecoli	Ecoli_50CI	4887958	3	50.3	4754030.0	4584	4834771	90	50.2	205991.0	4563
N0072	Ecoli	Ecoli_50CI	5083937	6	50.3	4946508.0	4804	4964622	133	50.3	157001.0	4691
N0072	Ecoli	Ecoli_50CI	5043409	2	50.5	4946750.0	4631	4978852	140	50.5	277816.0	4569
N0072	Ecoli	Ecoli_50CI	5466532	2	50.6	5327530.0	5102	5332370	236	50.5	134461.0	4958
N0072	Ecoli	Ecoli_50CI	6123098	8	50.3	5387390.0	5917	5869201	352	50.2	92249.0	5593
N0072	Ecoli	Ecoli_50CI	6126753	8	50.3	5387387.0	5920	5855161	356	50.2	94535.0	5566
N0072	Ecoli	Ecoli_50CI	6126753	8	50.3	5387387.0	5921	5869818	349	50.2	94535.0	5589
N0072	Ecoli	Ecoli_50CI	6035998	7	50.3	5388725.0	5808	5778774	350	50.3	99734.0	5474
N0072	Ecoli	Ecoli_50CI	5171201	4	50.4	4952851.0	4779	5109951	118	50.4	241688.0	4711
N0072	Ecoli	Ecoli_50CI	5239732	5	50.2	4973716.0	4865	5183438	81	50.2	209548.0	4810
N0072	Ecoli	Ecoli_50CI	5239732	5	50.2	4973716.0	4864	5187165	79	50.2	237574.0	4821
N0072	Ecoli	Ecoli_50CI	5239732	5	50.2	4973716.0	4865	5186834	85	50.2	209548.0	4816
N0072	Ecoli	Ecoli_50CI	5171610	3	50.4	5048292.0	4801	5130548	76	50.4	709551.0	4776
N0072	Ecoli	Ecoli_50CI	4935063	1	50.4	4935063.0	4495	4880481	56	50.4	489587.0	4459
N0072	Ecoli	Ecoli_50CI	5523080	9	50.6	5237504.0	5281	5184135	284	50.5	77093.0	4890
N0072	Ecoli	Ecoli_50CI	5356005	3	50.5	5172297.0	4962	5302643	74	50.5	348310.0	4930
N0072	Ecoli	Ecoli_50CI	5173634	1	50.4	5173634.0	4707	5063351	126	50.4	329931.0	4612
N0072	Ecoli	Ecoli_50CI	5130151	2	50.5	5064807.0	4667	5069812	118	50.5	345355.0	4622
N0072	Ecoli	Ecoli_50CI	4357677	2	50.4	4258370.0	4021	4293719	67	50.4	199457.0	3978
N0072	Ecoli	Ecoli_50CI	4371583	1	50.5	4371583.0	4070	4310998	56	50.5	216147.0	4040
N0072	Ecoli	Ecoli_50CI	5203658	6	50.7	4875147.0	4927	5062105	202	50.7	215535.0	4740
N0072	Ecoli	Ecoli_50CI	5203607	6	50.7	4875147.0	4925	5061182	199	50.7	170309.0	4746
N0072	Ecoli	Ecoli_50CI	5754742	6	50.5	5130725.0	5446	5602908	184	50.4	136760.0	5249
N0072	Ecoli	Ecoli_50CI	4937796	7	50.7	4854718.0	4586	4877639	118	50.7	236541.0	4545
N0072	Ecoli	Ecoli_50CI	5321148	210	50.6	226272.0	4985	5282294	283	50.6	123644.0	4956
N0072	Ecoli	Ecoli_50CI	5193338	12	51.0	5006643.0	4990	5058956	214	50.9	196685.0	4800
N0072	Saureus	Saureus_68CI	2788338	4	33.0	2761437.0	2561	2731170	29	32.8	558161.0	2544
N0072	Saureus	Saureus_68CI	2723035	2	32.8	2700377.0	2457	2682021	41	32.7	318510.0	2445
N0072	Saureus	Saureus_68CI	2775746	1	32.9	2775746.0	2562	2731497	56	32.8	131154.0	2532
N0072	Saureus	Saureus_68CI	2771622	1	32.9	2771622.0	2561	2732851	25	32.8	518193.0	2550
N0072	Saureus	Saureus_68CI	2731768	1	32.8	2731768.0	2481	2683625	39	32.7	188988.0	2460
N0072	Saureus	Saureus_68CI	2946431	1	32.8	2946431.0	2792	2860142	73	32.7	124752.0	2714
N0072	Saureus	Saureus_68CI	2806022	2	32.8	2784973.0	2584	2765140	54	32.7	166809.0	2568
N0072	Saureus	Saureus_68CI	2858890	1	32.8	2858890.0	2639	2791457	65	32.7	158805.0	2589
N0072	Saureus	Saureus_68CI	2827073	1	32.8	2827073.0	2608	2756313	55	32.7	150060.0	2564
N0072	Saureus	Saureus_68CI	2826995	1	32.8	2826995.0	2607	2756396	68	32.7	141886.0	2566
N0072	Saureus	Saureus_68CI	2916139	1	32.8	2916139.0	2744	2809651	64	32.8	74171.0	2662
N0072	Saureus	Saureus_68CI	2916067	1	32.8	2916067.0	2744	2802843	89	32.8	61057.0	2643
N0072	Saureus	Saureus_68CI	2765300	2	32.9	2744570.0	2557	2733524	15	32.8	1027733.0	2552
N0072	Saureus	Saureus_68CI	2766402	2	32.9	2745672.0	2561	2732769	18	32.8	1027724.0	2555
N0072	Saureus	Saureus_68CI	2760743	1	32.8	2760743.0	2515	2716025	27	32.7	249432.0	2504
N0072	Saureus	Saureus_68CI	3047521	1	32.8	3047521.0	2873	2976302	86	32.7	122430.0	2791
N0072	Saureus	Saureus_68CI	2913401	1	32.8	2913401.0	2740	2787870	135	32.8	41502.0	2615
N0072	Saureus	Saureus_68CI	2913401	1	32.8	2913401.0	2740	2831085	67	32.7	114553.0	2680
N0072	Saureus	Saureus_68CI	2862171	2	32.8	2859698.0	2655	2751003	95	32.7	59437.0	2544
N0072	Saureus	Saureus_68CI	2702261	2	32.9	2681609.0	2467	2664173	27	32.8	262116.0	2445
N0072	Saureus	Saureus_68CI	2701265	1	33.0	2701265.0	2478	2644690	37	32.9	185242.0	2440
N0072	Saureus	Saureus_68CI	2721928	2	32.9	2701266.0	2500	2689261	24	32.8	605116.0	2486
N0072	Saureus	Saureus_68CI	2774025	4	32.9	2747136.0	2561	2735666	21	32.8	1025984.0	2546
N0072	Saureus	Saureus_68CI	2737857	2	32.8	2717200.0	2503	2687770	32	32.7	222868.0	2477
N0072	Saureus	Saureus_68CI	2735186	1	32.9	2735186.0	2493	2706920	40	32.7	216900.0	2484
N0072	Saureus	Saureus_68CI	2734856	1	32.9	2734856.0	2496	2667760	85	32.8	63828.0	2446
N0072	Saureus	Saureus_68CI	2779086	1	32.8	2779086.0	2566	2722414	41	32.7	119780.0	2529
N0072	Saureus	Saureus_68CI	2723038	2	32.8	2700380.0	2457	2675390	35	32.7	249599.0	2442
N0072	Saureus	Saureus_68CI	2810879	1	32.9	2810879.0	2586	2745147	68	32.7	144288.0	2524
N0072	Saureus	Saureus_68CI	2882930	2	32.8	2846548.0	2680	2760067	126	32.8	60251.0	2566
N0072	Saureus	Saureus_68CI	2799187	1	33.0	2799187.0	2610	2726355	61	32.9	71963.0	2548
N0072	Saureus	Saureus_68CI	2793871	1	33.0	2793871.0	2607	2794611	25	32.8	329610.0	2630
N0072	Saureus	Saureus_68CI	2741419	3	32.9	2699955.0	2529	2611437	40	32.8	126579.0	2411
N0072	Saureus	Saureus_68CI	2899527	3	32.8	2868769.0	2728	2789188	71	32.7	150178.0	2604
N0072	Saureus	Saureus_68CI	2742743	3	32.9	2700335.0	2535	2653508	76	32.8	65686.0	2462
N0072	Saureus	Saureus_68CI	2725041	2	32.9	2700389.0	2510	2695056	21	32.8	427501.0	2501
N0072	Saureus	Saureus_68CI	2821846	3	32.8	2800426.0	2569	2779499	41	32.7	252306.0	2563
N0072	Saureus	Saureus_68CI	2821078	2	32.8	2800426.0	2568	2786823	50	32.7	146824.0	2563
N0072	Saureus	Saureus_68CI	2829482	2	32.9	2807296.0	2635	2766383	67	32.8	78613.0	2589
N0072	Saureus	Saureus_68CI	2829483	2	32.9	2807297.0	2635	2793965	39	32.7	251175.0	2621
N0072	Saureus	Saureus_68CI	2757288	2	32.9	2736559.0	2556	2526497	25	32.8	591590.0	2351
N0072	Saureus	Saureus_68CI	2795965	2	32.8	2775312.0	2533	2767018	46	32.6	221716.0	2529
N0072	Saureus	Saureus_68CI	2712467	2	32.9	2691815.0	2476	2687450	25	32.8	423502.0	2475
N0072	Saureus	Saureus_68CI	2798238	1	32.8	2798238.0	2573	2734678	49	32.7	139793.0	2541
N0072	Saureus	Saureus_68CI	2757525	2	32.9	2736796.0	2555	2719048	28	32.8	591143.0	2532
N0072	Saureus	Saureus_68CI	2794567	2	32.9	2774809.0	2555	2712472	26	32.7	192469.0	2489
N0072	Saureus	Saureus_68CI	2747513	1	32.8	2747513.0	2501	2695111	47	32.7	230191.0	2478
N0072	Saureus	Saureus_68CI	2791975	2	32.9	2771322.0	2561	2762611	42	32.7	435935.0	2559
N0072	Saureus	Saureus_68CI	2824648	1	32.8	2824648.0	2604	2680099	43	32.7	298398.0	2496
N0072	Saureus	Saureus_68CI	2822141	2	32.8	2801489.0	2574	2788153	32	32.7	424630.0	2572
N0072	Saureus	Saureus_68CI	2855436	1	32.8	2855436.0	2652	2798235	56	32.7	143086.0	2618
N0072	Saureus	Saureus_68CI	2836899	2	32.8	2804434.0	2668	2804319	21	32.7	419023.0	2659
N0072	Saureus	Saureus_68CI	2770992	1	32.8	2770992.0	2521	2733647	52	32.7	294200.0	2504
N0072	Saureus	Saureus_68CI	2747037	1	32.9	2747037.0	2525	2703298	44	32.8	136095.0	2507
N0072	Saureus	Saureus_68CI	2877832	2	32.8	2845178.0	2683	2823245	55	32.7	149328.0	2640
N0072	Saureus	Saureus_68CI	2877583	2	32.8	2844929.0	2683	2818307	46	32.7	149328.0	2633
N0072	Saureus	Saureus_68CI	2791052	2	32.8	2788579.0	2555	2710727	55	32.7	99207.0	2481
N0072	Saureus	Saureus_68CI	2840006	2	32.8	2837533.0	2628	2776869	53	32.7	130197.0	2569
N0072	Saureus	Saureus_68CI	2768369	1	32.9	2768369.0	2548	2735601	46	32.8	327945.0	2540
N0072	Saureus	Saureus_68CI	2821872	2	32.9	2767434.0	2620	2767973	27	32.7	400563.0	2587
N0072	Saureus	Saureus_68CI	2843873	4	32.8	2790832.0	2602	2800069	48	32.6	251416.0	2587
N0072	Saureus	Saureus_68CI	2786634	1	32.8	2786634.0	2571	2755672	31	32.7	334260.0	2560
N0072	Saureus	Saureus_68CI	2828932	2	32.8	2805773.0	2606	2778469	43	32.7	200811.0	2576
N0072	Saureus	Saureus_68CI	2828868	2	32.8	2805705.0	2609	2778897	63	32.7	108109.0	2584
N0072	Saureus	Saureus_68CI	2858748	2	32.8	2823073.0	2646	2800205	48	32.7	251822.0	2608
N0072	Saureus	Saureus_68CI	2810000	2	32.8	2782732.0	2576	2769213	53	32.7	215519.0	2553
N0072	Saureus	Saureus_68CI	2864850	1	32.8	2864850.0	2668	2800635	60	32.7	165205.0	2632
N0072	Saureus	Saureus_68CI	2828747	1	32.9	2828747.0	2624	2781909	65	32.8	175026.0	2607
